obligation_id,required_observation,approved_checkpoint,implementation_checkpoints,coverage,accepted_profile,requirement_ids,code_paths,tests_source_mapping,actual_master_native_case_ids,actual_master_cpt_case_ids,actual_master_http_case_ids,observed,remaining_clause_or_boundary,source_head,source_tree,run_id,attempt,php_job_ids,sql_job_id,wp_job_id,required_gate_job_id,native_artifact_id,native_json_sha256,cpt_artifact_id,cpt_json_sha256,http_artifact_id,http_json_sha256,classification_change
W2Q-01,Stable server quote/header IDs; distinct site/session/operation namespaces; canonical original issue input; request/correlation IDs never authority.,Q01,Q01 Q03 Q05,covered,legacy_fixed_base_v1/v1; PHP8.5.11 WP7.1.2 Woo11.1.2 MariaDB11.4.13; defaultWPcache OPcacheON/JIToff; HPOSprimary/CPT20,DE-QUOTE-001 DE-QUOTE-012,src/Domain/DeliveryQuote/QuoteId.php;src/Domain/DeliveryQuote/QuoteOwner.php;src/Application/DeliveryQuote/QuoteIssueCommand.php;src/Application/DeliveryQuote/QuotePreparationCommand.php,tests/Unit/DeliveryQuote/CoreValuesTest.php::test_server_identifiers_are_uuid4_and_public_retry_shape_is_only_two_fields;tests/Unit/DeliveryQuote/ProviderIntentTest.php::test_canonical_original_intent_excludes_token_attempt_clock_and_correlation;tests/Unit/DeliveryQuote/ProviderIntentTest.php::test_namespaces_and_original_intent_bind_exact_site_customer_session_and_key_epoch;tests/Integration/DeliveryQuote/DeliveryQuoteLifecycleRealDatabaseTest.php::test_issue_original_replay_returns_one_quote_one_event_and_original_expiry,NATIVE-W2Q03-ORIGINAL-ISSUE-REPLAY-NO-RECAPTURE-OR-EXPIRY-EXTENSION,,,"Server UUID4, owner site/session/key epoch and purpose namespaces; replay keeps original identity/expiry. Client correlation and retry references provide no authority.",None within the declared accepted profile. Wider production and optional-stack certification are separate.,e81db297bb550d420269bc905402eaffcc428aeb,bd6e91bd826ddb774b2c68d58bb828303ca8cfd4,37868163553,1,113619771887 113619771878 113619771834,113619771811,113619771843,113622528828,11589751432,254e8b9ad9a02e2568244b54f7618bae4ea62a1f4babc822f3d736a096cf4dcd,11589532612,e5dc692626c15b5c37e8031a415aca0273754049aa93baca28fca11b3c3b87a3,11589437937,e4aa9b38ea8ece952a2bfc6b6396188cebe87d9d62cba67fc8ff70006b7df45d,NONE; review proposal only; all12DE-QUOTE remain frozen PARTIAL_IMPLEMENTATION
W2Q-02,Reordered equal members have equal digest; quantity/member/destination/service/source/variation-parent edits change it; same SKU/different destination remains distinct.,Q01,Q01 Q04 Q05,covered,legacy_fixed_base_v1/v1; PHP8.5.11 WP7.1.2 Woo11.1.2 MariaDB11.4.13; defaultWPcache OPcacheON/JIToff; HPOSprimary/CPT20,DE-QUOTE-002 DE-QUOTE-009,src/Domain/DeliveryQuote/QuoteContext.php;src/Application/DeliveryQuote/QuoteCartDraft.php;src/Application/DeliveryQuote/LegacyQuoteSourcePlan.php,tests/Unit/DeliveryQuote/CoreMaterialTest.php::test_member_and_object_order_do_not_change_the_material_fingerprint;tests/Unit/DeliveryQuote/CoreMaterialTest.php::test_each_actual_material_edit_changes_the_same_sku_fingerprint;tests/Unit/DeliveryQuote/ProviderIntentTest.php::test_equal_canonical_members_and_material_or_provider_edits_have_correct_intent_identity,NATIVE-W2Q04-WARM-VARIATION-REPARENT-CURRENT-REFUSAL,,HTTP-W2Q05-SOURCE-CHANGE-NEW-PRICE-BEFORE-CONFIRM,"Sorted line/component membership; quantity, destination, service/provider/source/policy/native money and exact variation parent bound.",None within the declared accepted profile. Wider production and optional-stack certification are separate.,e81db297bb550d420269bc905402eaffcc428aeb,bd6e91bd826ddb774b2c68d58bb828303ca8cfd4,37868163553,1,113619771887 113619771878 113619771834,113619771811,113619771843,113622528828,11589751432,254e8b9ad9a02e2568244b54f7618bae4ea62a1f4babc822f3d736a096cf4dcd,11589532612,e5dc692626c15b5c37e8031a415aca0273754049aa93baca28fca11b3c3b87a3,11589437937,e4aa9b38ea8ece952a2bfc6b6396188cebe87d9d62cba67fc8ff70006b7df45d,NONE; review proposal only; all12DE-QUOTE remain frozen PARTIAL_IMPLEMENTATION
W2Q-03,Authored absent/null/zero dimension normalization follows existing tuple contract; unavailable evidence remains distinct; malformed relationships refuse.,Q01,Q01 Q04,covered,legacy_fixed_base_v1/v1; PHP8.5.11 WP7.1.2 Woo11.1.2 MariaDB11.4.13; defaultWPcache OPcacheON/JIToff; HPOSprimary/CPT20,DE-QUOTE-002,src/Domain/DeliveryQuote/QuoteContext.php;src/Application/DeliveryQuote/LegacyQuoteSourcePlan.php;src/Application/DeliveryQuote/LegacyQuoteEngineCapture.php,tests/Unit/DeliveryQuote/CoreMaterialTest.php::test_only_proven_absence_normalizes_null_and_zero;tests/Unit/DeliveryQuote/CoreMaterialTest.php::test_invalid_relationships_scope_and_partial_receipts_refuse;tests/Integration/DeliveryQuote/LegacyPriceProviderRealDatabaseTest.php::test_physical_positive_scoped_price_does_not_become_a_wildcard_price,NATIVE-W2Q04-POSITIVE-SCOPED-CARD-ABSENT-REQUEST-REFUSES,,,Known/absent/unknown dimensions stay distinct; authored absent null/zero normalize; positive card scope with absent request refuses.,None within the declared accepted profile. Wider production and optional-stack certification are separate.,e81db297bb550d420269bc905402eaffcc428aeb,bd6e91bd826ddb774b2c68d58bb828303ca8cfd4,37868163553,1,113619771887 113619771878 113619771834,113619771811,113619771843,113622528828,11589751432,254e8b9ad9a02e2568244b54f7618bae4ea62a1f4babc822f3d736a096cf4dcd,11589532612,e5dc692626c15b5c37e8031a415aca0273754049aa93baca28fca11b3c3b87a3,11589437937,e4aa9b38ea8ece952a2bfc6b6396188cebe87d9d62cba67fc8ff70006b7df45d,NONE; review proposal only; all12DE-QUOTE remain frozen PARTIAL_IMPLEMENTATION
W2Q-04,"Strict decimal/currency/precision, exponent/nonfinite/negative/overflow rejection; explicit zero differs from missing; detached immutable nested facts.",Q01,Q01 Q04,covered,legacy_fixed_base_v1/v1; PHP8.5.11 WP7.1.2 Woo11.1.2 MariaDB11.4.13; defaultWPcache OPcacheON/JIToff; HPOSprimary/CPT20,DE-QUOTE-003,src/Domain/DeliveryQuote/QuoteMoney.php;src/Domain/DeliveryQuote/QuoteJson.php;src/Domain/DeliveryQuote/QuoteTerms.php;src/Domain/DeliveryQuote/QuoteShape.php,tests/Unit/DeliveryQuote/CoreValuesTest.php::test_ambiguous_nonfinite_negative_or_overflow_money_refuses;tests/Unit/DeliveryQuote/CoreCodecTest.php::test_untrusted_json_refuses_duplicate_unknown_shapes_or_structural_overflow;tests/Unit/DeliveryQuote/CoreTermsTest.php::test_terms_are_detached_and_whole_body_json_cannot_bypass_private_authority,NATIVE-W2Q04-CONFIGURED-ZERO-IS-KNOWN-NATIVE-AMOUNT,,,"Exact decimals/currency/precision, structural bounds and detached values; explicit zero validated separately from absent native price.",None within the declared accepted profile. Wider production and optional-stack certification are separate.,e81db297bb550d420269bc905402eaffcc428aeb,bd6e91bd826ddb774b2c68d58bb828303ca8cfd4,37868163553,1,113619771887 113619771878 113619771834,113619771811,113619771843,113622528828,11589751432,254e8b9ad9a02e2568244b54f7618bae4ea62a1f4babc822f3d736a096cf4dcd,11589532612,e5dc692626c15b5c37e8031a415aca0273754049aa93baca28fca11b3c3b87a3,11589437937,e4aa9b38ea8ece952a2bfc6b6396188cebe87d9d62cba67fc8ff70006b7df45d,NONE; review proposal only; all12DE-QUOTE remain frozen PARTIAL_IMPLEMENTATION
W2Q-05,Before/exact/after expiry and clock regression; fixed300s proposal; read/replay/accept cannot extend; bad interval refuses.,Q01,Q01 Q03 Q05 Q06,covered,legacy_fixed_base_v1/v1; PHP8.5.11 WP7.1.2 Woo11.1.2 MariaDB11.4.13; defaultWPcache OPcacheON/JIToff; HPOSprimary/CPT20,DE-QUOTE-006 DE-QUOTE-007 DE-QUOTE-008,src/Domain/DeliveryQuote/QuoteHeader.php;src/Domain/DeliveryQuote/QuoteTime.php;src/Application/DeliveryQuote/QuoteLifecycle.php;src/Application/DeliveryQuote/QuoteOperationProfile.php,tests/Unit/DeliveryQuote/CoreMaterialTest.php::test_header_fixed_half_open_ttl_never_slides_and_clock_regression_refuses;tests/Unit/DeliveryQuote/LifecycleExpiryTest.php::test_acceptance_replay_does_not_retimestamp_or_renew_expiry_after_expiration;tests/Integration/DeliveryQuote/DeliveryQuoteLifecycleRealDatabaseTest.php::test_wrong_owner_changed_material_and_exact_expiry_do_not_accept_or_renew,NATIVE-W2Q05-CART-DATABASE-EXPIRY-RETAINS-CHOICES;NATIVE-W2Q06-DATABASE-EXPIRY-BEFORE-FINAL-RECEIPT-WINS,,HTTP-W2Q06-CLASSIC-LATE-EXPIRY-NO-PAYMENT,Fixed300seconds; half-open SQL clock boundaries; no read/replay/accept extension and clock regression refuses.,None within the declared accepted profile. Wider production and optional-stack certification are separate.,e81db297bb550d420269bc905402eaffcc428aeb,bd6e91bd826ddb774b2c68d58bb828303ca8cfd4,37868163553,1,113619771887 113619771878 113619771834,113619771811,113619771843,113622528828,11589751432,254e8b9ad9a02e2568244b54f7618bae4ea62a1f4babc822f3d736a096cf4dcd,11589532612,e5dc692626c15b5c37e8031a415aca0273754049aa93baca28fca11b3c3b87a3,11589437937,e4aa9b38ea8ece952a2bfc6b6396188cebe87d9d62cba67fc8ff70006b7df45d,NONE; review proposal only; all12DE-QUOTE remain frozen PARTIAL_IMPLEMENTATION
W2Q-06,Issued/accepted/invalidated/current-expired/stripped transitions preserve original body; unknown read never fabricates invalidation or acceptance.,Q01,Q01 Q03 Q05,covered,legacy_fixed_base_v1/v1; PHP8.5.11 WP7.1.2 Woo11.1.2 MariaDB11.4.13; defaultWPcache OPcacheON/JIToff; HPOSprimary/CPT20,DE-QUOTE-006 DE-QUOTE-007 DE-QUOTE-010,src/Domain/DeliveryQuote/DeliveryQuote.php;src/Domain/DeliveryQuote/QuoteStoredRow.php;src/Application/DeliveryQuote/QuoteLifecycle.php;src/Application/DeliveryQuote/QuoteDurableService.php,tests/Unit/DeliveryQuote/LifecycleTransitionsTest.php::test_accept_and_confirmed_invalidation_preserve_original_body_and_acceptance_history;tests/Unit/DeliveryQuote/LifecycleTransitionsTest.php::test_unknown_clock_owner_or_current_read_keeps_accepted_facts_and_never_invalidates;tests/Unit/DeliveryQuote/LifecycleTransitionsTest.php::test_model_strip_removes_private_payload_at_retention_boundary_but_retains_header;tests/Integration/DeliveryQuote/DeliveryQuoteLifecycleRealDatabaseTest.php::test_prewarmed_reader_never_returns_issued_fact_after_committed_invalidation,NATIVE-W2Q03-ACCEPT-AND-REPLAY-ONE-MATERIAL-EVENT;NATIVE-W2Q05-CART-WARM-SOURCE-CHANGE-IMMUTABLE-BODY,,,Immutable original body across lifecycle; current unavailable does not manufacture invalidation/acceptance; stripped shape terminal.,None within the declared accepted profile. Wider production and optional-stack certification are separate.,e81db297bb550d420269bc905402eaffcc428aeb,bd6e91bd826ddb774b2c68d58bb828303ca8cfd4,37868163553,1,113619771887 113619771878 113619771834,113619771811,113619771843,113622528828,11589751432,254e8b9ad9a02e2568244b54f7618bae4ea62a1f4babc822f3d736a096cf4dcd,11589532612,e5dc692626c15b5c37e8031a415aca0273754049aa93baca28fca11b3c3b87a3,11589437937,e4aa9b38ea8ece952a2bfc6b6396188cebe87d9d62cba67fc8ff70006b7df45d,NONE; review proposal only; all12DE-QUOTE remain frozen PARTIAL_IMPLEMENTATION
W2Q-07,Route not-recorded versus zero; cost unavailable versus known; promotion none versus unknown; unsupported provider/version/format refuses.,Q01,Q01 Q04,covered,legacy_fixed_base_v1/v1; PHP8.5.11 WP7.1.2 Woo11.1.2 MariaDB11.4.13; defaultWPcache OPcacheON/JIToff; HPOSprimary/CPT20,DE-QUOTE-003 DE-QUOTE-004 DE-QUOTE-005,src/Domain/DeliveryQuote/QuoteTerms.php;src/Application/DeliveryQuote/QuoteProviderRegistry.php;src/Application/DeliveryQuote/LegacyFixedBaseQuoteProvider.php,tests/Unit/DeliveryQuote/CoreTermsTest.php::test_unavailable_cost_and_unrecorded_route_do_not_masquerade_as_zero;tests/Unit/DeliveryQuote/ProviderRegistryTest.php::test_route_zero_cost_zero_and_unknown_promotion_remain_distinct_without_defaults;tests/Unit/DeliveryQuote/ProviderRegistryTest.php::test_unknown_code_version_profile_or_profile_version_refuses_before_capture,NATIVE-W2Q04-NO-FX-NO-DELIVERY-PROMOTION-VERIFIED,,,"Finite versions and typed unknown/zero states; first provider records no promo, unavailable cost and route not_recorded.","Local typed-state obligation covered; genuine cost/promotion/route providers are intentionally unimplemented broader capability dependencies, not falsely certified by this case.",e81db297bb550d420269bc905402eaffcc428aeb,bd6e91bd826ddb774b2c68d58bb828303ca8cfd4,37868163553,1,113619771887 113619771878 113619771834,113619771811,113619771843,113622528828,11589751432,254e8b9ad9a02e2568244b54f7618bae4ea62a1f4babc822f3d736a096cf4dcd,11589532612,e5dc692626c15b5c37e8031a415aca0273754049aa93baca28fca11b3c3b87a3,11589437937,e4aa9b38ea8ece952a2bfc6b6396188cebe87d9d62cba67fc8ff70006b7df45d,NONE; review proposal only; all12DE-QUOTE remain frozen PARTIAL_IMPLEMENTATION
W2Q-08,Quote expiry distinct from native stock/coupon/capacity TTL; acceptance never claims reservation/placement/payment.,Q01,Q01 Q03 Q06,covered,legacy_fixed_base_v1/v1; PHP8.5.11 WP7.1.2 Woo11.1.2 MariaDB11.4.13; defaultWPcache OPcacheON/JIToff; HPOSprimary/CPT20,DE-QUOTE-008,src/Domain/DeliveryQuote/QuoteHeader.php;src/Domain/DeliveryQuote/DeliveryQuote.php;src/Application/DeliveryQuote/QuotePlacementService.php,tests/Unit/DeliveryQuote/LifecycleTransitionsTest.php::test_acceptance_has_no_reservation_placement_payment_or_stock_hold_fact,NATIVE-W2Q05-CART-EXPLICIT-CONFIRM-REPLAY-ONE-ACCEPT,,HTTP-W2Q05-BLOCKS-CONFIRM-ONE-ACCEPT-NO-PLACEMENT,Accepted quote has no capacity/stock/payment reservation; placement binding/state separate and actual confirm adds zero placement bindings.,No capacity-reservation adapter or independent capacity TTL is implemented or claimed; quote300s is independent.,e81db297bb550d420269bc905402eaffcc428aeb,bd6e91bd826ddb774b2c68d58bb828303ca8cfd4,37868163553,1,113619771887 113619771878 113619771834,113619771811,113619771843,113622528828,11589751432,254e8b9ad9a02e2568244b54f7618bae4ea62a1f4babc822f3d736a096cf4dcd,11589532612,e5dc692626c15b5c37e8031a415aca0273754049aa93baca28fca11b3c3b87a3,11589437937,e4aa9b38ea8ece952a2bfc6b6396188cebe87d9d62cba67fc8ff70006b7df45d,NONE; review proposal only; all12DE-QUOTE remain frozen PARTIAL_IMPLEMENTATION
W2Q-09,Clean schema8 upgrade; exact tables/indexes/engine/unique keys/current prefix; existing32-table data bytes survive.,Q02,Q02,covered,legacy_fixed_base_v1/v1; PHP8.5.11 WP7.1.2 Woo11.1.2 MariaDB11.4.13; defaultWPcache OPcacheON/JIToff; HPOSprimary/CPT20,DE-QUOTE-001 DE-QUOTE-006,database/migrations/20261007055100_create_delivery_quote_tables.php;src/Infrastructure/Persistence/DeliveryQuoteSchema.php;src/Infrastructure/Persistence/DeliveryQuoteReadiness.php,tests/Integration/DeliveryQuote/DeliveryQuoteStorageRealDatabaseTest.php::test_schema8_upgrade_preserves_every_row_in_all32_existing_domain_tables;tests/Unit/DeliveryQuote/StorageSchemaTest.php::test_three_additive_tables_have_finite_original_namespace_and_reference_keys;tests/Unit/DeliveryQuote/StorageSchemaTest.php::test_range_index_maps_currency_to_actual_legacy_source_without_a_new_currency_field;tests/Unit/DeliveryQuote/StorageSchemaTest.php::test_explicit_current_site_prefix_is_not_inferred_from_a_global_table_route,NATIVE-W2Q02-MAIN-SCHEMA9-EXACT-STORES-RATE-INDEX;NATIVE-W2Q02-NATIVE-WPDB-DBDELTA-FORWARD-MIGRATION,,,Native schema8-to9 forward migration preserves all32 old table rows and introduces exact three quote stores and bounded current-prefix rate index. SQL fixture inserts a sentinel into each old table and compares full selected bytes before/after; native WordPress supplements actual dbDelta/structure path.,None within accepted finite contract; production and broader compatibility remain separate.,e81db297bb550d420269bc905402eaffcc428aeb,bd6e91bd826ddb774b2c68d58bb828303ca8cfd4,37868163553,1,113619771887 113619771878 113619771834,113619771811,113619771843,113622528828,11589751432,254e8b9ad9a02e2568244b54f7618bae4ea62a1f4babc822f3d736a096cf4dcd,11589532612,e5dc692626c15b5c37e8031a415aca0273754049aa93baca28fca11b3c3b87a3,11589437937,e4aa9b38ea8ece952a2bfc6b6396188cebe87d9d62cba67fc8ff70006b7df45d,NONE; review proposal only; all12DE-QUOTE remain frozen PARTIAL_IMPLEMENTATION
W2Q-10,Interrupted forward migration and conflicting table/index/collation/readiness refuse new quote writes; no false schema9 publication.,Q02,Q02,covered,legacy_fixed_base_v1/v1; PHP8.5.11 WP7.1.2 Woo11.1.2 MariaDB11.4.13; defaultWPcache OPcacheON/JIToff; HPOSprimary/CPT20,,database/migrations/20261007055100_create_delivery_quote_tables.php;src/Infrastructure/Persistence/DeliveryQuoteReadiness.php;src/Infrastructure/Persistence/DeliveryQuoteRepository.php,tests/Integration/DeliveryQuote/DeliveryQuoteStorageRealDatabaseTest.php::test_each_ddl_unit_failure_keeps_schema8_and_exact_partial_retry;tests/Integration/DeliveryQuote/DeliveryQuoteStorageRealDatabaseTest.php::test_incompatible_native_shape_refuses_without_repair;tests/Integration/DeliveryQuote/DeliveryQuoteStorageRealDatabaseTest.php::test_schema8_and_failed_schema9_status_refuse_new_storage_writes,NATIVE-W2Q02-COMPATIBLE-PARTIAL-NATIVE-DBDELTA-REPAIR;NATIVE-W2Q02-REFUSED-WORDPRESS-PUBLICATION-KEEPS-SCHEMA8,,,All eight before/after four-DDL-unit interruptions retain schema8 and failed status; exact compatible partial retry works; incompatible engine/collation/columns/indexes and refused schema publication block quote mutation. ,None within accepted finite contract; production and broader compatibility remain separate.,e81db297bb550d420269bc905402eaffcc428aeb,bd6e91bd826ddb774b2c68d58bb828303ca8cfd4,37868163553,1,113619771887 113619771878 113619771834,113619771811,113619771843,113622528828,11589751432,254e8b9ad9a02e2568244b54f7618bae4ea62a1f4babc822f3d736a096cf4dcd,11589532612,e5dc692626c15b5c37e8031a415aca0273754049aa93baca28fca11b3c3b87a3,11589437937,e4aa9b38ea8ece952a2bfc6b6396188cebe87d9d62cba67fc8ff70006b7df45d,NONE; review proposal only; all12DE-QUOTE remain frozen PARTIAL_IMPLEMENTATION
W2Q-11,Duplicate UUID/namespace/binding uniqueness and malformed persisted header/body/digest/row refuse; no cross-site load.,Q02,Q02,covered,legacy_fixed_base_v1/v1; PHP8.5.11 WP7.1.2 Woo11.1.2 MariaDB11.4.13; defaultWPcache OPcacheON/JIToff; HPOSprimary/CPT20,DE-QUOTE-001,src/Infrastructure/Persistence/DeliveryQuoteSchema.php;src/Infrastructure/Persistence/DeliveryQuoteRepository.php;src/Domain/DeliveryQuote/QuoteStoredRow.php;src/Domain/DeliveryQuote/QuoteStorageCodec.php;src/Domain/DeliveryQuote/QuoteBinding.php,tests/Integration/DeliveryQuote/DeliveryQuoteStorageRealDatabaseTest.php::test_uuid_and_each_original_quote_namespace_are_physically_unique;tests/Integration/DeliveryQuote/DeliveryQuoteStorageRealDatabaseTest.php::test_binding_uniqueness_refuses_distinct_competing_intents;tests/Integration/DeliveryQuote/DeliveryQuoteStorageRealDatabaseTest.php::test_persisted_malformed_quote_rows_refuse_without_rewrite;tests/Integration/DeliveryQuote/DeliveryQuoteStorageRealDatabaseTest.php::test_binding_parent_and_budget_intent_corruption_are_refused_without_repair;tests/Integration/DeliveryQuote/DeliveryQuoteStorageRealDatabaseTest.php::test_repository_native_rollback_and_fresh_connection_commit_read_are_owned,NATIVE-W2Q02-OWNED-SYNTHETIC-QUOTE-COMMITTED,,,"Physical unique keys reject duplicate UUID, each quote namespace and placement/binding intents; exact codecs reject malformed/oversized/backlink-corrupt stored bodies and site-bound repository cannot cross-load. Duplicate physical inserts assert MariaDB1062; malformed persisted rows stay byte-exact after refusal. Foreign-site load is physically NULL and foreign write refused.",None within accepted finite contract; production and broader compatibility remain separate.,e81db297bb550d420269bc905402eaffcc428aeb,bd6e91bd826ddb774b2c68d58bb828303ca8cfd4,37868163553,1,113619771887 113619771878 113619771834,113619771811,113619771843,113622528828,11589751432,254e8b9ad9a02e2568244b54f7618bae4ea62a1f4babc822f3d736a096cf4dcd,11589532612,e5dc692626c15b5c37e8031a415aca0273754049aa93baca28fca11b3c3b87a3,11589437937,e4aa9b38ea8ece952a2bfc6b6396188cebe87d9d62cba67fc8ff70006b7df45d,NONE; review proposal only; all12DE-QUOTE remain frozen PARTIAL_IMPLEMENTATION
W2Q-12,Default WordPress cache and actual replacement native connection see committed quote facts; no tests/bootstrap substitute.,Q02,Q02,covered,legacy_fixed_base_v1/v1; PHP8.5.11 WP7.1.2 Woo11.1.2 MariaDB11.4.13; defaultWPcache OPcacheON/JIToff; HPOSprimary/CPT20,,src/Infrastructure/Persistence/DeliveryQuoteRepository.php;src/Infrastructure/Persistence/DeliveryQuoteReadiness.php;src/Infrastructure/WordPress/OperationConnectionMysqliTransport.php,tests/Integration/DeliveryQuote/DeliveryQuoteStorageRealDatabaseTest.php::test_repository_native_rollback_and_fresh_connection_commit_read_are_owned,NATIVE-W2Q02-WARM-DEFAULT-CACHE-CANNOT-OVERRIDE-PHYSICAL-QUOTE;NATIVE-W2Q02-RETIRED-CONNECTION-REPLACEMENT-IMMUTABLE-FACTS;NATIVE-W2Q02-FRESH-WP-LOAD-PROCESS-EXACT-STORED-FACTS,,,"Default WordPress cache cannot override physical quote/readiness; fresh replacement connection and fresh actual wp-load OS process read exact committed header/body. Replacement physical connection is explicit, not transparent reconnection; actual wp-load receipt asserts unit_bootstrap false.",None within accepted finite contract; production and broader compatibility remain separate.,e81db297bb550d420269bc905402eaffcc428aeb,bd6e91bd826ddb774b2c68d58bb828303ca8cfd4,37868163553,1,113619771887 113619771878 113619771834,113619771811,113619771843,113622528828,11589751432,254e8b9ad9a02e2568244b54f7618bae4ea62a1f4babc822f3d736a096cf4dcd,11589532612,e5dc692626c15b5c37e8031a415aca0273754049aa93baca28fca11b3c3b87a3,11589437937,e4aa9b38ea8ece952a2bfc6b6396188cebe87d9d62cba67fc8ff70006b7df45d,NONE; review proposal only; all12DE-QUOTE remain frozen PARTIAL_IMPLEMENTATION
W2Q-13,"Two actual sessions issue same original token/intent: one complete-cart quote/event/completion with bounded per-group terms, same identity/expiry; different intent conflicts.",Q03,Q03,covered_bounded,legacy_fixed_base_v1/v1; PHP8.5.11 WP7.1.2 Woo11.1.2 MariaDB11.4.13; defaultWPcache OPcacheON/JIToff; HPOSprimary/CPT20,DE-QUOTE-001 DE-QUOTE-012,src/Application/DeliveryQuote/QuoteAdmissionGate.php;src/Application/DeliveryQuote/QuoteDurableService.php;src/Application/DeliveryQuote/QuoteOperationProfile.php;src/Application/DeliveryQuote/QuoteIssueCommand.php,tests/Integration/DeliveryQuote/DeliveryQuoteLifecycleRealDatabaseTest.php::test_provider_capture_is_outside_owned_transaction_and_duplicate_stays_pending;tests/Integration/DeliveryQuote/DeliveryQuoteLifecycleRealDatabaseTest.php::test_issue_original_replay_returns_one_quote_one_event_and_original_expiry;tests/Integration/DeliveryQuote/DeliveryQuoteLifecycleRealDatabaseTest.php::test_different_intent_under_one_admission_namespace_refuses_without_charging;tests/Unit/DeliveryQuote/DurableLifecycleTest.php::test_changed_issue_intent_has_no_second_capture_charge_or_effect,NATIVE-W2Q03-OWNED-ISSUE-ATOMIC-QUOTE-EVENT-COMPLETION;NATIVE-W2Q03-ORIGINAL-ISSUE-REPLAY-NO-RECAPTURE-OR-EXPIRY-EXTENSION;NATIVE-W2Q03-CHANGED-ISSUE-INTENT-CANNOT-RECAPTURE,,,"Two real processes on one original intent grant only one capture/quote/event; duplicate is pending until original completes; later exact replay preserves same identity/body/expiry and changed intent conflicts. Fixture provider derives one term for every context group; concurrency tests use default QuoteFixtures::context(), whose cardinality is one group.","Inspected two-process and native atomicity fixtures use one line/one group; no explicit concurrent multi-group complete-cart receipt was located for the clause bounded per-group terms. Production typed context/terms enforce membership, but that is not a demonstrated multi-group concurrent execution.",e81db297bb550d420269bc905402eaffcc428aeb,bd6e91bd826ddb774b2c68d58bb828303ca8cfd4,37868163553,1,113619771887 113619771878 113619771834,113619771811,113619771843,113622528828,11589751432,254e8b9ad9a02e2568244b54f7618bae4ea62a1f4babc822f3d736a096cf4dcd,11589532612,e5dc692626c15b5c37e8031a415aca0273754049aa93baca28fca11b3c3b87a3,11589437937,e4aa9b38ea8ece952a2bfc6b6396188cebe87d9d62cba67fc8ff70006b7df45d,NONE; review proposal only; all12DE-QUOTE remain frozen PARTIAL_IMPLEMENTATION
W2Q-14,Two acceptors on one quote: one receipt/audit; original envelope replay after101 unrelated later records in fresh OS process remains exact.,Q03,Q03,covered,legacy_fixed_base_v1/v1; PHP8.5.11 WP7.1.2 Woo11.1.2 MariaDB11.4.13; defaultWPcache OPcacheON/JIToff; HPOSprimary/CPT20,DE-QUOTE-012,src/Application/DeliveryQuote/QuoteDurableService.php;src/Application/DeliveryQuote/QuoteOperationProfile.php;src/Application/DeliveryQuote/QuoteReceiptVerifier.php;src/Application/Operation/OperationCoordinator.php,tests/Integration/DeliveryQuote/DeliveryQuoteLifecycleRealDatabaseTest.php::test_two_native_acceptors_share_one_completion_and_one_event;tests/Integration/DeliveryQuote/DeliveryQuoteLifecycleRealDatabaseTest.php::test_accept_replay_after_101_real_later_records_in_fresh_os_process;tests/Unit/DeliveryQuote/DurableLifecycleTest.php::test_issue_accept_replay_preserves_original_capture_and_immutable_header,NATIVE-W2Q03-ACCEPT-AND-REPLAY-ONE-MATERIAL-EVENT;NATIVE-W2Q03-ACCEPTED-ORIGINAL-REPLAY-EXACT-COMPLETION;NATIVE-W2Q03-FRESH-WP-LOAD-ORIGINAL-RECONCILIATION,,,Competing actual acceptors share one acceptance completion/event; original accept envelope replays after101 later physical records in fresh OS process with zero quote/audit repeat. ,None within accepted finite contract; production and broader compatibility remain separate.,e81db297bb550d420269bc905402eaffcc428aeb,bd6e91bd826ddb774b2c68d58bb828303ca8cfd4,37868163553,1,113619771887 113619771878 113619771834,113619771811,113619771843,113622528828,11589751432,254e8b9ad9a02e2568244b54f7618bae4ea62a1f4babc822f3d736a096cf4dcd,11589532612,e5dc692626c15b5c37e8031a415aca0273754049aa93baca28fca11b3c3b87a3,11589437937,e4aa9b38ea8ece952a2bfc6b6396188cebe87d9d62cba67fc8ff70006b7df45d,NONE; review proposal only; all12DE-QUOTE remain frozen PARTIAL_IMPLEMENTATION
W2Q-15,Stale opened revision/material/body/current owner refuses without overwriting a newer row; changed token cannot reaccept or renew.,Q03,Q03,covered,legacy_fixed_base_v1/v1; PHP8.5.11 WP7.1.2 Woo11.1.2 MariaDB11.4.13; defaultWPcache OPcacheON/JIToff; HPOSprimary/CPT20,DE-QUOTE-009 DE-QUOTE-012,src/Application/DeliveryQuote/QuoteOperationProfile.php;src/Infrastructure/Persistence/DeliveryQuoteRepository.php;src/Domain/DeliveryQuote/DeliveryQuote.php;src/Application/DeliveryQuote/QuoteDurableCommand.php,tests/Integration/DeliveryQuote/DeliveryQuoteStorageRealDatabaseTest.php::test_native_three_store_primitives_commit_and_stale_quote_cas_preserves_newer_state;tests/Integration/DeliveryQuote/DeliveryQuoteLifecycleRealDatabaseTest.php::test_wrong_owner_changed_material_and_exact_expiry_do_not_accept_or_renew;tests/Integration/DeliveryQuote/DeliveryQuoteLifecycleRealDatabaseTest.php::test_actual_accept_cas_transport_refusal_rolls_back_and_keeps_opened_generation;tests/Unit/DeliveryQuote/DurableLifecycleTest.php::test_changed_issue_intent_has_no_second_capture_charge_or_effect;tests/Unit/DeliveryQuote/StorageRepositoryTest.php::test_cas_rejects_another_valid_header_and_native_changed_payload,NATIVE-W2Q03-CHANGED-ISSUE-INTENT-CANNOT-RECAPTURE;NATIVE-W2Q03-ACCEPTED-ORIGINAL-REPLAY-EXACT-COMPLETION,,,Wrong current owner/material/exact-expiry and stale CAS fail without overwriting newer quote; immutable header/body/reference matching prevents altered accepted intent or renewed lifetime. ,None within accepted finite contract; production and broader compatibility remain separate.,e81db297bb550d420269bc905402eaffcc428aeb,bd6e91bd826ddb774b2c68d58bb828303ca8cfd4,37868163553,1,113619771887 113619771878 113619771834,113619771811,113619771843,113622528828,11589751432,254e8b9ad9a02e2568244b54f7618bae4ea62a1f4babc822f3d736a096cf4dcd,11589532612,e5dc692626c15b5c37e8031a415aca0273754049aa93baca28fca11b3c3b87a3,11589437937,e4aa9b38ea8ece952a2bfc6b6396188cebe87d9d62cba67fc8ff70006b7df45d,NONE; review proposal only; all12DE-QUOTE remain frozen PARTIAL_IMPLEMENTATION
W2Q-16,Refused audit/completion/CAS rolls quote effects back; unsent COMMIT plus acknowledged rollback reports rejection.,Q03,Q03,covered,legacy_fixed_base_v1/v1; PHP8.5.11 WP7.1.2 Woo11.1.2 MariaDB11.4.13; defaultWPcache OPcacheON/JIToff; HPOSprimary/CPT20,DE-QUOTE-012,src/Application/Operation/OperationCoordinator.php;src/Application/DeliveryQuote/QuoteOperationProfile.php;src/Infrastructure/Persistence/DeliveryQuoteRepository.php;src/Infrastructure/WordPress/OperationConnectionMysqliTransport.php,tests/Integration/DeliveryQuote/DeliveryQuoteLifecycleRealDatabaseTest.php::test_issue_atomic_refusal_has_no_quote_event_or_consumed_admission;tests/Integration/DeliveryQuote/DeliveryQuoteLifecycleRealDatabaseTest.php::test_actual_accept_cas_transport_refusal_rolls_back_and_keeps_opened_generation;tests/Integration/DeliveryQuote/DeliveryQuoteLifecycleRealDatabaseTest.php::test_actual_unsent_gate_commit_rolls_back_all_counters_and_lease,NATIVE-W2Q03-REJECTED-AUDIT-ROLLS-BACK-QUOTE-ACCEPTANCE;NATIVE-W2Q03-PROVED-UNSENT-COMMIT-ROLLS-BACK,,,Quote/audit/completion/CAS rejection rolls back all custom quote effects; unsent commit plus acknowledged rollback returns known rejection rather than acceptance. Atomic fault provider covers quote/audit/completion/unsent dispatch separately; native audit refusal checks quote/budget/event history unchanged and rollback acknowledged.,None within accepted finite contract; production and broader compatibility remain separate.,e81db297bb550d420269bc905402eaffcc428aeb,bd6e91bd826ddb774b2c68d58bb828303ca8cfd4,37868163553,1,113619771887 113619771878 113619771834,113619771811,113619771843,113622528828,11589751432,254e8b9ad9a02e2568244b54f7618bae4ea62a1f4babc822f3d736a096cf4dcd,11589532612,e5dc692626c15b5c37e8031a415aca0273754049aa93baca28fca11b3c3b87a3,11589437937,e4aa9b38ea8ece952a2bfc6b6396188cebe87d9d62cba67fc8ff70006b7df45d,NONE; review proposal only; all12DE-QUOTE remain frozen PARTIAL_IMPLEMENTATION
W2Q-17,"Actual committed lost acknowledgement yields unconfirmed; retire owner, reconcile original namespace on fresh physical connection; no second issue/accept/audit.",Q03,Q03,covered,legacy_fixed_base_v1/v1; PHP8.5.11 WP7.1.2 Woo11.1.2 MariaDB11.4.13; defaultWPcache OPcacheON/JIToff; HPOSprimary/CPT20,DE-QUOTE-012,src/Application/Operation/OperationCoordinator.php;src/Application/DeliveryQuote/QuoteDurableService.php;src/Infrastructure/WordPress/OperationConnectionMysqliTransport.php;src/Application/DeliveryQuote/QuoteReceiptVerifier.php,tests/Integration/DeliveryQuote/DeliveryQuoteLifecycleRealDatabaseTest.php::test_actual_issue_effect_commit_lost_ack_is_reconciled_in_fresh_process_without_recapture;tests/Unit/DeliveryQuote/DurableLifecycleTest.php::test_sent_commit_lost_ack_reconciles_on_fresh_owner_without_capture_or_second_effect,NATIVE-W2Q03-ACTUAL-SENT-LOST-ACK-IS-UNKNOWN-AND-RETIRED;NATIVE-W2Q03-REPLACEMENT-RECONCILIATION-NO-EFFECT-REPEAT;NATIVE-W2Q03-FRESH-WP-LOAD-ORIGINAL-RECONCILIATION,,,Actual native COMMIT executes before its acknowledgement is masked; caller gets unconfirmed and owner retirement; replacement physical/current namespace reconciliation returns original issue or acceptance without recapture/audit repeat. Fault is bounded acknowledgement masking after actual successful native commit; not a claimed network fault campaign.,None within accepted finite contract; production and broader compatibility remain separate.,e81db297bb550d420269bc905402eaffcc428aeb,bd6e91bd826ddb774b2c68d58bb828303ca8cfd4,37868163553,1,113619771887 113619771878 113619771834,113619771811,113619771843,113622528828,11589751432,254e8b9ad9a02e2568244b54f7618bae4ea62a1f4babc822f3d736a096cf4dcd,11589532612,e5dc692626c15b5c37e8031a415aca0273754049aa93baca28fca11b3c3b87a3,11589437937,e4aa9b38ea8ece952a2bfc6b6396188cebe87d9d62cba67fc8ff70006b7df45d,NONE; review proposal only; all12DE-QUOTE remain frozen PARTIAL_IMPLEMENTATION
W2Q-18,Failed rollback/close/unknown reference stays unconfirmed and retains payload; recorded completion cannot rerun mutate on reconcile.,Q03,Q03,covered,legacy_fixed_base_v1/v1; PHP8.5.11 WP7.1.2 Woo11.1.2 MariaDB11.4.13; defaultWPcache OPcacheON/JIToff; HPOSprimary/CPT20,DE-QUOTE-012,src/Application/Operation/OperationCoordinator.php;src/Application/DeliveryQuote/QuoteDurableService.php;src/Application/DeliveryQuote/QuoteRetentionProfile.php;src/Infrastructure/Persistence/QuoteRetentionStore.php;src/Application/DeliveryQuote/QuoteRetentionUnknownReferences.php,tests/Integration/DeliveryQuote/DeliveryQuoteLifecycleRealDatabaseTest.php::test_refused_rollback_and_close_leave_unknown_until_fresh_native_reconciliation;tests/Integration/DeliveryQuote/DeliveryQuoteLifecycleRealDatabaseTest.php::test_retention_protective_reference_cannot_strip_original_body;tests/Unit/DeliveryQuote/RetentionTest.php::test_missing_issue_pending_accept_and_unknown_issue_evidence_retain;tests/Unit/DeliveryQuote/RetentionTest.php::test_default_unknown_reference_contract_has_no_implicit_history_absence_authority,NATIVE-W2Q03-RETENTION-DEFAULT-UNKNOWN-REFERENCES-PROTECT;NATIVE-W2Q03-FRESH-WP-LOAD-ORIGINAL-RECONCILIATION,,,Refused rollback/close leaves unconfirmed; fresh process reconciles original result without mutate; unknown/pending/granted/malformed producer or reference evidence protects private payload. Retaining unknown references is proven and remains conservative; evidence of safe native reference absence is separate W2Q-29 gap.,None within accepted finite contract; production and broader compatibility remain separate.,e81db297bb550d420269bc905402eaffcc428aeb,bd6e91bd826ddb774b2c68d58bb828303ca8cfd4,37868163553,1,113619771887 113619771878 113619771834,113619771811,113619771843,113622528828,11589751432,254e8b9ad9a02e2568244b54f7618bae4ea62a1f4babc822f3d736a096cf4dcd,11589532612,e5dc692626c15b5c37e8031a415aca0273754049aa93baca28fca11b3c3b87a3,11589437937,e4aa9b38ea8ece952a2bfc6b6396188cebe87d9d62cba67fc8ff70006b7df45d,NONE; review proposal only; all12DE-QUOTE remain frozen PARTIAL_IMPLEMENTATION
W2Q-19,"Pause before/after current control lock, missing-key fence and preopened RR snapshot on same OperationSession; separate confirm_enabled cannot masquerade as shared atomicity.",Q03,Q03,covered,legacy_fixed_base_v1/v1; PHP8.5.11 WP7.1.2 Woo11.1.2 MariaDB11.4.13; defaultWPcache OPcacheON/JIToff; HPOSprimary/CPT20,DE-QUOTE-008,src/Application/DeliveryQuote/QuoteAdmissionGate.php;src/Application/DeliveryQuote/QuoteOperationProfile.php;src/Infrastructure/Persistence/EmergencyControlStore.php,tests/Integration/DeliveryQuote/DeliveryQuoteLifecycleRealDatabaseTest.php::test_missing_control_key_fence_waits_on_same_gate_owner_before_pause_can_commit;tests/Integration/DeliveryQuote/DeliveryQuoteLifecycleRealDatabaseTest.php::test_current_control_lock_escapes_preopened_repeatable_read_snapshot;tests/Integration/DeliveryQuote/DeliveryQuoteLifecycleRealDatabaseTest.php::test_pause_after_capture_admission_is_rechecked_before_any_quote_write;tests/Integration/DeliveryQuote/DeliveryQuoteLifecycleRealDatabaseTest.php::test_lost_gate_ack_followed_by_committed_pause_cannot_grant_capture;tests/Unit/DeliveryQuote/DurableLifecycleTest.php::test_current_control_is_rechecked_after_capture_outside_every_owned_transaction,NATIVE-W2Q03-CURRENT-C07-PAUSE-BEFORE-COUNTERS-CAPTURE-RESERVATION,,,"Current C07 control and missing-key fence use same OperationSession before budgets and again before quote writes; pause wins after stale RR snapshot/capture admission and after uncertain gate acknowledgement. Control comes from current locked EmergencyControlStore, not a separately read confirm_enabled flag; concurrent tests assert actual INFORMATION_SCHEMA lock wait and snapshot boundary.",None within accepted finite contract; production and broader compatibility remain separate.,e81db297bb550d420269bc905402eaffcc428aeb,bd6e91bd826ddb774b2c68d58bb828303ca8cfd4,37868163553,1,113619771887 113619771878 113619771834,113619771811,113619771843,113622528828,11589751432,254e8b9ad9a02e2568244b54f7618bae4ea62a1f4babc822f3d736a096cf4dcd,11589532612,e5dc692626c15b5c37e8031a415aca0273754049aa93baca28fca11b3c3b87a3,11589437937,e4aa9b38ea8ece952a2bfc6b6396188cebe87d9d62cba67fc8ff70006b7df45d,NONE; review proposal only; all12DE-QUOTE remain frozen PARTIAL_IMPLEMENTATION
W2Q-20,Actual homogeneous fixed-shipment and fixed-item groups match existing engine/native totals; explicit configured zero retained; unknown price refuses.,Q04,Q04 Q05 Q06,covered,legacy_fixed_base_v1/v1; PHP8.5.11 WP7.1.2 Woo11.1.2 MariaDB11.4.13; defaultWPcache OPcacheON/JIToff; HPOSprimary/CPT20,DE-QUOTE-002,src/Application/DeliveryQuote/LegacyQuoteEngineCapture.php;src/Application/DeliveryQuote/LegacyFixedBaseQuoteProvider.php;src/Application/DeliveryQuote/QuoteNativeReceiptCapture.php,tests/Unit/DeliveryQuote/LegacyQuoteProviderTest.php::test_group_amount_is_exact_retained_engine_result;tests/Unit/DeliveryQuote/LegacyQuoteProviderTest.php::test_integer_quantities_of_every_member_are_added_for_one_group;tests/Integration/DeliveryQuote/LegacyPriceProviderRealDatabaseTest.php::test_actual_retained_rate_engine_capture_preserves_fixed_types_and_explicit_zero,NATIVE-W2Q04-FIXED-SHIPMENT-ONCE-NATIVE-MONEY;NATIVE-W2Q04-FIXED-ITEM-ALL-MEMBER-QUANTITY;NATIVE-W2Q04-CONFIGURED-ZERO-IS-KNOWN-NATIVE-AMOUNT;NATIVE-W2Q04-UNKNOWN-PRICE-REFUSES-WITHOUT-DURABLE-EFFECT,,HTTP-W2Q06-CLASSIC-FREE-SEALED-BEFORE-COMPLETION;HTTP-W2Q06-STOREAPI-FREE-FINAL-POST-SEALED,Real retained engine matches native fixed shipment7/item21/knownzero with allmember quantity; unknownprice refuses.,Only declared homogeneous fixed_per_item/fixed_per_shipment same-currency profile; broader tariffs/pickup remain separate.,e81db297bb550d420269bc905402eaffcc428aeb,bd6e91bd826ddb774b2c68d58bb828303ca8cfd4,37868163553,1,113619771887 113619771878 113619771834,113619771811,113619771843,113622528828,11589751432,254e8b9ad9a02e2568244b54f7618bae4ea62a1f4babc822f3d736a096cf4dcd,11589532612,e5dc692626c15b5c37e8031a415aca0273754049aa93baca28fca11b3c3b87a3,11589437937,e4aa9b38ea8ece952a2bfc6b6396188cebe87d9d62cba67fc8ff70006b7df45d,NONE; review proposal only; all12DE-QUOTE remain frozen PARTIAL_IMPLEMENTATION
W2Q-21,Mixed origin/supplier/profile tuples refuse in both member orders; positive scoped card with unproved request scope refuses; grouping/parser/matcher unchanged.,Q04,Q04,covered,legacy_fixed_base_v1/v1; PHP8.5.11 WP7.1.2 Woo11.1.2 MariaDB11.4.13; defaultWPcache OPcacheON/JIToff; HPOSprimary/CPT20,DE-QUOTE-002,src/Application/DeliveryQuote/LegacyQuoteSourcePlan.php;src/Application/DeliveryQuote/LegacyQuoteEngineCapture.php,tests/Unit/DeliveryQuote/LegacyQuoteProviderTest.php::test_positive_scoped_card_cannot_match_an_absent_request_dimension;tests/Unit/DeliveryQuote/SourceSnapshotTest.php::test_no_member_can_be_hidden_by_the_first_member_tuple;tests/Integration/DeliveryQuote/LegacyPriceProviderRealDatabaseTest.php::test_plan_refuses_two_physical_scoped_members_with_mixed_identity_in_both_orders,NATIVE-W2Q04-MIXED-SUPPLIER-BOTH-MEMBER-ORDERS-REFUSE;NATIVE-W2Q04-MIXED-ORIGIN-BOTH-MEMBER-ORDERS-REFUSE;NATIVE-W2Q04-MIXED-PROFILE-BOTH-MEMBER-ORDERS-REFUSE;NATIVE-W2Q04-POSITIVE-SCOPED-CARD-ABSENT-REQUEST-REFUSES,,,Bothmember orders refuse mixedtuple and unproved positive scope; grouping/parser/matcher formulas retained.,COR020 mixed-group commercial tariff remains a separate owner policy decision; refusal is the accepted first-adopter behavior.,e81db297bb550d420269bc905402eaffcc428aeb,bd6e91bd826ddb774b2c68d58bb828303ca8cfd4,37868163553,1,113619771887 113619771878 113619771834,113619771811,113619771843,113622528828,11589751432,254e8b9ad9a02e2568244b54f7618bae4ea62a1f4babc822f3d736a096cf4dcd,11589532612,e5dc692626c15b5c37e8031a415aca0273754049aa93baca28fca11b3c3b87a3,11589437937,e4aa9b38ea8ece952a2bfc6b6396188cebe87d9d62cba67fc8ff70006b7df45d,NONE; review proposal only; all12DE-QUOTE remain frozen PARTIAL_IMPLEMENTATION
W2Q-22,"Complete rate universe includes higher-precedence insertion and same-second edit; current range locks wait on second connection, current receipt mismatch refuses old quote.",Q04,Q04,covered,legacy_fixed_base_v1/v1; PHP8.5.11 WP7.1.2 Woo11.1.2 MariaDB11.4.13; defaultWPcache OPcacheON/JIToff; HPOSprimary/CPT20,DE-QUOTE-004 DE-QUOTE-009,src/Application/DeliveryQuote/LegacyQuoteSourceSnapshot.php;src/Application/DeliveryQuote/LegacyQuoteCurrentEvidenceGuard.php;src/Infrastructure/Persistence/LegacyQuoteSourceSnapshotReader.php,tests/Unit/DeliveryQuote/SourceSnapshotTest.php::test_retained_legacy_candidates_are_exact_active_targets_and_priority_ordered;tests/Integration/DeliveryQuote/LegacyPriceProviderRealDatabaseTest.php::test_prepared_source_and_warm_guard_refuse_each_independent_physical_change;tests/Integration/DeliveryQuote/LegacyPriceProviderRealDatabaseTest.php::test_preopened_rr_snapshot_cannot_hide_a_later_committed_rate_edit;tests/Integration/DeliveryQuote/LegacyPriceProviderRealDatabaseTest.php::test_current_range_fence_holds_edit_and_insertion_until_owned_followup_commit,NATIVE-W2Q04-NEW-PRECEDENCE-CANDIDATE-REFUSES-ACCEPT-NO-REPRICE,,,"Complete content-addressed range captures same-second edit/newprecedence; real second SQL connection held by current next-key range lock, RR old snapshot cannot hidechange.",None within the declared accepted profile. Wider production and optional-stack certification are separate.,e81db297bb550d420269bc905402eaffcc428aeb,bd6e91bd826ddb774b2c68d58bb828303ca8cfd4,37868163553,1,113619771887 113619771878 113619771834,113619771811,113619771843,113622528828,11589751432,254e8b9ad9a02e2568244b54f7618bae4ea62a1f4babc822f3d736a096cf4dcd,11589532612,e5dc692626c15b5c37e8031a415aca0273754049aa93baca28fca11b3c3b87a3,11589437937,e4aa9b38ea8ece952a2bfc6b6396188cebe87d9d62cba67fc8ff70006b7df45d,NONE; review proposal only; all12DE-QUOTE remain frozen PARTIAL_IMPLEMENTATION
W2Q-23,Existing legacy inclusive effective_to preserved; quote half-open expiry independent; rate/source/policy change invalidates applicability without repricing body.,Q04,Q01 Q04 Q05,covered,legacy_fixed_base_v1/v1; PHP8.5.11 WP7.1.2 Woo11.1.2 MariaDB11.4.13; defaultWPcache OPcacheON/JIToff; HPOSprimary/CPT20,DE-QUOTE-007,src/Domain/DeliveryQuote/QuoteHeader.php;src/Application/DeliveryQuote/LegacyQuoteSourceSnapshot.php;src/Application/DeliveryQuote/QuoteDurableService.php;src/Application/RateQuote/RateQuoteEngine.php,tests/Unit/DeliveryQuote/LifecycleTransitionsTest.php::test_material_change_requires_new_quote_not_repriced_original;tests/Integration/DeliveryQuote/LegacyPriceProviderRealDatabaseTest.php::test_retained_effective_to_is_inclusive_for_an_actual_stored_card,NATIVE-W2Q04-NEW-PRECEDENCE-CANDIDATE-REFUSES-ACCEPT-NO-REPRICE;NATIVE-W2Q05-CART-WARM-SOURCE-CHANGE-IMMUTABLE-BODY,,HTTP-W2Q05-SOURCE-CHANGE-NEW-PRICE-BEFORE-CONFIRM,"Legacy effective_to inclusive; quote expiry halfopen; materialpolicy/rate changes refuse old applicability, retainbody and require separate refreshedquote.",None within the declared accepted profile. Wider production and optional-stack certification are separate.,e81db297bb550d420269bc905402eaffcc428aeb,bd6e91bd826ddb774b2c68d58bb828303ca8cfd4,37868163553,1,113619771887 113619771878 113619771834,113619771811,113619771843,113622528828,11589751432,254e8b9ad9a02e2568244b54f7618bae4ea62a1f4babc822f3d736a096cf4dcd,11589532612,e5dc692626c15b5c37e8031a415aca0273754049aa93baca28fca11b3c3b87a3,11589437937,e4aa9b38ea8ece952a2bfc6b6396188cebe87d9d62cba67fc8ff70006b7df45d,NONE; review proposal only; all12DE-QUOTE remain frozen PARTIAL_IMPLEMENTATION
W2Q-24,"Native per-rate tax versus rounded totals, tax_status/exemption/location change; no invented offer tax_class authority or tax engine.",Q04,Q04 Q06,covered,legacy_fixed_base_v1/v1; PHP8.5.11 WP7.1.2 Woo11.1.2 MariaDB11.4.13; defaultWPcache OPcacheON/JIToff; HPOSprimary/CPT20,DE-QUOTE-003,src/Application/DeliveryQuote/QuoteNativeReceipt.php;src/Application/DeliveryQuote/QuoteNativeWooSource.php;src/Application/DeliveryQuote/QuoteNativeTaxSource.php;src/Application/DeliveryQuote/QuoteNativeShippingTaxProjection.php,tests/Unit/DeliveryQuote/NativeReceiptTest.php::test_native_raw_rate_tax_and_rounded_display_charge_are_separate;tests/Unit/DeliveryQuote/NativeReceiptTest.php::test_subtotal_native_cart_uses_unrounded_rates_before_native_display_rounding;tests/Integration/DeliveryQuote/LegacyPriceProviderRealDatabaseTest.php::test_prepared_source_and_warm_guard_refuse_each_independent_physical_change,NATIVE-W2Q04-NATIVE-PER-RATE-VERSUS-SUBTOTAL-ROUNDING;NATIVE-W2Q04-METHOD-TAX-STATUS-NONE-IS-NATIVE-AUTHORITY;NATIVE-W2Q04-CURRENT-NATIVE-EXEMPTION-CHANGES-RECEIPT;NATIVE-W2Q04-CURRENT-NATIVE-TAX-LOCATION-CHANGES-RECEIPT,,HTTP-W2Q06-STOREAPI-FREE-FINAL-POST-SEALED,"Woo owns raw/per-rate/displaytax, shippingmethodtax_status, exemption/location; exact native zero-tax Storeprojection supported.",Supported native Woo tax source only; broader third-party tax compatibility remains separate.,e81db297bb550d420269bc905402eaffcc428aeb,bd6e91bd826ddb774b2c68d58bb828303ca8cfd4,37868163553,1,113619771887 113619771878 113619771834,113619771811,113619771843,113622528828,11589751432,254e8b9ad9a02e2568244b54f7618bae4ea62a1f4babc822f3d736a096cf4dcd,11589532612,e5dc692626c15b5c37e8031a415aca0273754049aa93baca28fca11b3c3b87a3,11589437937,e4aa9b38ea8ece952a2bfc6b6396188cebe87d9d62cba67fc8ff70006b7df45d,NONE; review proposal only; all12DE-QUOTE remain frozen PARTIAL_IMPLEMENTATION
W2Q-25,"Verified no-conversion/no-delivery-promo supported; mutated shipping amount, unknown coupon effect, ambiguous FX/provider or missing provenance refuse. No cost-zero fabrication.",Q04,Q04 Q06,covered,legacy_fixed_base_v1/v1; PHP8.5.11 WP7.1.2 Woo11.1.2 MariaDB11.4.13; defaultWPcache OPcacheON/JIToff; HPOSprimary/CPT20,DE-QUOTE-003 DE-QUOTE-004,src/Application/DeliveryQuote/LegacyFixedBaseQuoteProvider.php;src/Application/DeliveryQuote/QuoteNativeWooSource.php;src/Application/DeliveryQuote/QuoteNativeReceipt.php;src/Domain/DeliveryQuote/QuoteTerms.php,tests/Unit/DeliveryQuote/LegacyQuoteProviderTest.php::test_unproved_conversion_refuses_retention;tests/Unit/DeliveryQuote/LegacyQuoteProviderTest.php::test_provider_is_explicit_and_preserves_unavailable_cost_and_native_receipts,NATIVE-W2Q04-NO-FX-NO-DELIVERY-PROMOTION-VERIFIED;NATIVE-W2Q04-THIRD-PARTY-SHIPPING-EFFECT-FAILS-CLOSED;NATIVE-W2Q04-UNVERIFIED-COUPON-CONTEXT-FAILS-CLOSED;NATIVE-W2Q04-UNKNOWN-CURRENCY-EFFECT-HAS-NO-FX-FALLBACK,,,"Real mutatedshipping/coupon/currency refusal, nofallbackconversion and cost remains typed unavailable.","No promotion/subsidy/FX or realcostprovider implemented; this proves refusal, not positive support for thosebroadercontexts.",e81db297bb550d420269bc905402eaffcc428aeb,bd6e91bd826ddb774b2c68d58bb828303ca8cfd4,37868163553,1,113619771887 113619771878 113619771834,113619771811,113619771843,113622528828,11589751432,254e8b9ad9a02e2568244b54f7618bae4ea62a1f4babc822f3d736a096cf4dcd,11589532612,e5dc692626c15b5c37e8031a415aca0273754049aa93baca28fca11b3c3b87a3,11589437937,e4aa9b38ea8ece952a2bfc6b6396188cebe87d9d62cba67fc8ff70006b7df45d,NONE; review proposal only; all12DE-QUOTE remain frozen PARTIAL_IMPLEMENTATION
W2Q-26,"Current source route, warmed configuration/geography, reparented variation, inventory/backorder/purchasability and offer edits are independently revalidated.",Q04,Q04 Q05,covered,legacy_fixed_base_v1/v1; PHP8.5.11 WP7.1.2 Woo11.1.2 MariaDB11.4.13; defaultWPcache OPcacheON/JIToff; HPOSprimary/CPT20,DE-QUOTE-002 DE-QUOTE-009,src/Application/DeliveryQuote/LegacyQuoteNativeSourcePreparer.php;src/Application/DeliveryQuote/LegacyQuoteSourceSnapshot.php;src/Application/DeliveryQuote/LegacyQuoteCurrentEvidenceGuard.php;src/Application/DeliveryQuote/QuoteNativeReceiptGuard.php,tests/Unit/DeliveryQuote/SourceSnapshotTest.php::test_repeated_product_or_parent_managed_variations_use_total_stock_demand;tests/Unit/DeliveryQuote/SourceSnapshotTest.php::test_inventory_receipt_uses_native_price_presence_without_adopting_merchandise_amount;tests/Integration/DeliveryQuote/LegacyPriceProviderRealDatabaseTest.php::test_prepared_source_and_warm_guard_refuse_each_independent_physical_change;tests/Integration/DeliveryQuote/LegacyPriceProviderRealDatabaseTest.php::test_exact_native_variation_parent_identity_is_fenced,NATIVE-W2Q04-WARM-ROUTE-FLAG-SOURCE-CURRENT-REFUSAL;NATIVE-W2Q04-WARM-GEOGRAPHY-SOURCE-CURRENT-REFUSAL;NATIVE-W2Q04-WARM-OFFER-SOURCE-CURRENT-REFUSAL;NATIVE-W2Q04-WARM-INVENTORY-PHYSICAL-EDIT-CURRENT-REFUSAL;NATIVE-W2Q04-WARM-VARIATION-REPARENT-CURRENT-REFUSAL,,,Physical source/options/geography/offer/productmeta/parent fenced despite warmednativecache; native quantitydemand/backorders/purchasability captured.,Current declared source/inventory fields only; future origin/endpoint/inventory/provider contracts need separate proof.,e81db297bb550d420269bc905402eaffcc428aeb,bd6e91bd826ddb774b2c68d58bb828303ca8cfd4,37868163553,1,113619771887 113619771878 113619771834,113619771811,113619771843,113622528828,11589751432,254e8b9ad9a02e2568244b54f7618bae4ea62a1f4babc822f3d736a096cf4dcd,11589532612,e5dc692626c15b5c37e8031a415aca0273754049aa93baca28fca11b3c3b87a3,11589437937,e4aa9b38ea8ece952a2bfc6b6396188cebe87d9d62cba67fc8ff70006b7df45d,NONE; review proposal only; all12DE-QUOTE remain frozen PARTIAL_IMPLEMENTATION
W2Q-27,Exact expiry+30-minute retention boundary strips only unaccepted private body; accepted issue completion protects header but does not make unused body immortal.,Q03,Q03,covered_bounded,legacy_fixed_base_v1/v1; PHP8.5.11 WP7.1.2 Woo11.1.2 MariaDB11.4.13; defaultWPcache OPcacheON/JIToff; HPOSprimary/CPT20,DE-QUOTE-006,src/Application/DeliveryQuote/QuoteRetentionProfile.php;src/Infrastructure/Persistence/QuoteRetentionStore.php;src/Application/DeliveryQuote/QuoteRetentionService.php,tests/Integration/DeliveryQuote/DeliveryQuoteLifecycleRealDatabaseTest.php::test_retention_exact_boundary_strips_only_unused_body_and_keeps_receipts;tests/Unit/DeliveryQuote/RetentionTest.php::test_exact_boundary_strips_only_body_and_replay_keeps_checkpoint_and_tombstones;tests/Unit/DeliveryQuote/RetentionTest.php::test_one_microsecond_before_boundary_retains;tests/Unit/DeliveryQuote/RetentionTest.php::test_accepted_quote_and_historical_invalidated_acceptance_never_strip,NATIVE-W2Q03-RETENTION-GRACE-ONE-MICROSECOND-BEFORE;NATIVE-W2Q03-RETENTION-EXACT-GRACE-STRIPS-PRIVATE-BODY-ONLY,,,"Exact expiry+1800 seconds strips only never-accepted private body, preserving header/body digest/expiry/original C03 event/completion/admission; one microsecond before retains. Accepted issue receipt alone does not protect unused body forever. Native receipt expressly says reference_scope synthetic_binding_only and native_order_absence_claimed false.",Production maintenance registration and trusted native HPOS/item reference absence inspector are not implemented; stripping is proved with explicitly synthetic absence authority and remains conservative by default.,e81db297bb550d420269bc905402eaffcc428aeb,bd6e91bd826ddb774b2c68d58bb828303ca8cfd4,37868163553,1,113619771887 113619771878 113619771834,113619771811,113619771843,113622528828,11589751432,254e8b9ad9a02e2568244b54f7618bae4ea62a1f4babc822f3d736a096cf4dcd,11589532612,e5dc692626c15b5c37e8031a415aca0273754049aa93baca28fca11b3c3b87a3,11589437937,e4aa9b38ea8ece952a2bfc6b6396188cebe87d9d62cba67fc8ff70006b7df45d,NONE; review proposal only; all12DE-QUOTE remain frozen PARTIAL_IMPLEMENTATION
W2Q-28,"Competing acceptance and cleanup plus missing accept namespace: same producer order, no accepted/pending/unconfirmed facts stripped.",Q03,Q03,covered,legacy_fixed_base_v1/v1; PHP8.5.11 WP7.1.2 Woo11.1.2 MariaDB11.4.13; defaultWPcache OPcacheON/JIToff; HPOSprimary/CPT20,,src/Infrastructure/Persistence/QuoteRetentionStore.php;src/Application/DeliveryQuote/QuoteRetentionProfile.php;src/Application/DeliveryQuote/QuoteReceiptVerifier.php,tests/Integration/DeliveryQuote/DeliveryQuoteLifecycleRealDatabaseTest.php::test_accept_owner_has_no_foreign_producer_namespace_lock_before_current_quote_write;tests/Integration/DeliveryQuote/DeliveryQuoteLifecycleRealDatabaseTest.php::test_retention_waits_for_inflight_accept_namespace_and_keeps_accepted_body;tests/Integration/DeliveryQuote/DeliveryQuoteLifecycleRealDatabaseTest.php::test_retention_missing_accept_namespace_fence_blocks_new_acceptor_without_deadlock;tests/Integration/DeliveryQuote/DeliveryQuoteLifecycleRealDatabaseTest.php::test_retention_protective_reference_cannot_strip_original_body;tests/Unit/DeliveryQuote/RetentionTest.php::test_missing_issue_pending_accept_and_unknown_issue_evidence_retain,NATIVE-W2Q03-RETENTION-DEFAULT-UNKNOWN-REFERENCES-PROTECT,,,"Real accept/cleanup race in both orderings uses global producer-first namespace locks, including absent accept key; acceptance wins and retains accepted body, or completed strip blocks later expired accept without deadlock/timeouts. Pending/unknown producers retain. Physical race uses exact synthetic history participant for local collector proof; it does not certify native reference absence. That distinct clause stays W2Q-29 bounded.",None within accepted finite contract; production and broader compatibility remain separate.,e81db297bb550d420269bc905402eaffcc428aeb,bd6e91bd826ddb774b2c68d58bb828303ca8cfd4,37868163553,1,113619771887 113619771878 113619771834,113619771811,113619771843,113622528828,11589751432,254e8b9ad9a02e2568244b54f7618bae4ea62a1f4babc822f3d736a096cf4dcd,11589532612,e5dc692626c15b5c37e8031a415aca0273754049aa93baca28fca11b3c3b87a3,11589437937,e4aa9b38ea8ece952a2bfc6b6396188cebe87d9d62cba67fc8ff70006b7df45d,NONE; review proposal only; all12DE-QUOTE remain frozen PARTIAL_IMPLEMENTATION
W2Q-29,"Binding/history/HPOS/item reference and cleanup race: accepted/placed/malformed/unknown references retain; exact structured lookup, no JSON substring/all-history scan.",Q03,Q03,covered_bounded,legacy_fixed_base_v1/v1; PHP8.5.11 WP7.1.2 Woo11.1.2 MariaDB11.4.13; defaultWPcache OPcacheON/JIToff; HPOSprimary/CPT20,DE-QUOTE-011,src/Application/DeliveryQuote/QuoteRetentionProfile.php;src/Infrastructure/Persistence/QuoteRetentionStore.php;src/Application/DeliveryQuote/QuoteRetentionReferenceInspector.php;src/Application/DeliveryQuote/QuoteRetentionUnknownReferences.php,tests/Integration/DeliveryQuote/DeliveryQuoteLifecycleRealDatabaseTest.php::test_retention_exact_history_absence_holds_quote_until_late_reference_writer_refuses;tests/Integration/DeliveryQuote/DeliveryQuoteLifecycleRealDatabaseTest.php::test_retention_protective_reference_cannot_strip_original_body;tests/Unit/DeliveryQuote/RetentionTest.php::test_unknown_history_owner_denial_and_binding_each_retain;tests/Unit/DeliveryQuote/RetentionTest.php::test_accepted_quote_and_historical_invalidated_acceptance_never_strip;tests/Unit/DeliveryQuote/RetentionTest.php::test_oversized_malformed_quote_is_counted_and_retained_without_loading_body,NATIVE-W2Q03-RETENTION-DEFAULT-UNKNOWN-REFERENCES-PROTECT;NATIVE-W2Q03-RETENTION-EXACT-GRACE-STRIPS-PRIVATE-BODY-ONLY,,,"Accepted/previously accepted/prepared-or-sealed binding/malformed/unknown evidence protects payload; physical structured reference absence race holds quote until late writer refuses; no substring or all-history scan used for reference lookup. QuoteRetentionService is internal explicit maintenance, with no cron/endpoint/Plugin/uninstall registration. Q06 native snapshot/history protection and payment tests do not supply the missing retention inspector.","No production QuoteRetentionReferenceInspector implementing exact native HPOS/order-item references exists; the only production implementation is QuoteRetentionUnknownReferences. Physical history race uses quote_fixture_history_refs, explicitly not HPOS. Therefore safe stripping in the presence/absence of native item/history producers is unproved and defaults to retention.",e81db297bb550d420269bc905402eaffcc428aeb,bd6e91bd826ddb774b2c68d58bb828303ca8cfd4,37868163553,1,113619771887 113619771878 113619771834,113619771811,113619771843,113622528828,11589751432,254e8b9ad9a02e2568244b54f7618bae4ea62a1f4babc822f3d736a096cf4dcd,11589532612,e5dc692626c15b5c37e8031a415aca0273754049aa93baca28fca11b3c3b87a3,11589437937,e4aa9b38ea8ece952a2bfc6b6396188cebe87d9d62cba67fc8ff70006b7df45d,NONE; review proposal only; all12DE-QUOTE remain frozen PARTIAL_IMPLEMENTATION
W2Q-30,"Fixed ceiling, refused retention checkpoint, crash/restart, row-generation change,100 inspection/mutation limits and soft-time stop preserve progress and truth.",Q03,Q03,covered_bounded,legacy_fixed_base_v1/v1; PHP8.5.11 WP7.1.2 Woo11.1.2 MariaDB11.4.13; defaultWPcache OPcacheON/JIToff; HPOSprimary/CPT20,,src/Application/DeliveryQuote/QuoteRetentionCheckpoint.php;src/Application/DeliveryQuote/QuoteRetentionRequest.php;src/Application/DeliveryQuote/QuoteRetentionProfile.php;src/Infrastructure/Persistence/QuoteRetentionStore.php,tests/Integration/DeliveryQuote/DeliveryQuoteLifecycleRealDatabaseTest.php::test_retention_page_has_fixed_ceiling_and_at_most_100_inspected_candidates;tests/Integration/DeliveryQuote/DeliveryQuoteLifecycleRealDatabaseTest.php::test_retention_refused_checkpoint_rolls_back_body_and_retries_exact_original_ceiling;tests/Integration/DeliveryQuote/DeliveryQuoteLifecycleRealDatabaseTest.php::test_retention_lost_commit_ack_replays_checkpoint_without_second_mutation_in_fresh_process;tests/Integration/DeliveryQuote/DeliveryQuoteLifecycleRealDatabaseTest.php::test_retention_never_mutates_candidate_removed_or_changed_after_real_membership_read;tests/Integration/DeliveryQuote/DeliveryQuoteLifecycleRealDatabaseTest.php::test_retention_soft_stop_keeps_cursor_and_does_not_claim_two_second_total;tests/Unit/DeliveryQuote/RetentionTest.php::test_checkpoint_phase_and_counters_cannot_claim_uninspected_work,NATIVE-W2Q03-RETENTION-ORIGINAL-CHECKPOINT-REPLAY-NO-REPEAT,,,Fixed quote/budget high-water and100 inspected/mutation bound; refused completion rolls whole page back; original checkpoint retry/reconciliation resumes without second strip; changed/disappeared generation untouched; two-second soft stop keeps cursor honest. The soft clock is injected to force a stop; no claim of two-second total SQL/HTTP deadline. Production retention maintenance activation remains separate from implemented internal collector.,Fresh-process lost-ack recovery is proved; no inspected retention test actually kills an in-flight collector OS process then restarts it at each checkpoint boundary. The design literal crash/restart clause should retain this bounded evidence distinction.,e81db297bb550d420269bc905402eaffcc428aeb,bd6e91bd826ddb774b2c68d58bb828303ca8cfd4,37868163553,1,113619771887 113619771878 113619771834,113619771811,113619771843,113622528828,11589751432,254e8b9ad9a02e2568244b54f7618bae4ea62a1f4babc822f3d736a096cf4dcd,11589532612,e5dc692626c15b5c37e8031a415aca0273754049aa93baca28fca11b3c3b87a3,11589437937,e4aa9b38ea8ece952a2bfc6b6396188cebe87d9d62cba67fc8ff70006b7df45d,NONE; review proposal only; all12DE-QUOTE remain frozen PARTIAL_IMPLEMENTATION
W2Q-31,Two guests and two carts of one user isolate ID/read/cache/replay/accept; stolen token/quote ID/nonce/cart key cannot disclose; login/logout/session rotation reissues.,Q05,Q01 Q05,covered_bounded,legacy_fixed_base_v1/v1; PHP8.5.11 WP7.1.2 Woo11.1.2 MariaDB11.4.13; defaultWPcache OPcacheON/JIToff; HPOSprimary/CPT20,DE-QUOTE-002,src/Application/DeliveryQuote/QuoteNativeOwnerResolver.php;src/Application/DeliveryQuote/NativeCartQuoteSessionStore.php;src/Application/DeliveryQuote/CartQuoteService.php;src/Integrations/DeliveryQuote/QuoteReviewRuntime.php,tests/Unit/DeliveryQuote/CoreValuesTest.php::test_owner_identity_includes_site_customer_session_and_key_epoch;tests/Unit/DeliveryQuote/LifecycleTransitionsTest.php::test_all_current_owner_coordinates_are_required_even_with_correct_handle;tests/Unit/DeliveryQuote/PreparationGateTest.php::test_key_epoch_rotation_requires_current_authority_before_original_lookup;tests/Integration/DeliveryQuote/DeliveryQuoteCartReferenceRealDatabaseTest.php::test_actual_reference_keys_isolate_two_sessions_even_for_one_customer;tests/Integration/DeliveryQuote/DeliveryQuoteCartReferenceRealDatabaseTest.php::test_actual_tampered_issued_reference_refuses_acceptance_without_c03_or_recapture,,,HTTP-W2Q05-TWO-GUEST-SESSIONS-PRIVATE-QUOTE-ISOLATION;HTTP-W2Q05-TWO-USER-AUTH-TOKENS-PRIVATE-QUOTE-ISOLATION,Two realguestcookiejars and two distinct actualauthlogins ofsameuser isolateowner/quote; stolencommand and foreigngeneration refuse. Native shared customercart is not invented as twoindependent persistedcarts.,No explicit actual native login-to-logout-to-login/sessionrotation reissue sequence found in fixedHTTPcase inventory. Owner digest includes currentuser/token/salt epoch and unit/SQL identity changes deny; add finite native transition receipt before claiming full transition clause executed.,e81db297bb550d420269bc905402eaffcc428aeb,bd6e91bd826ddb774b2c68d58bb828303ca8cfd4,37868163553,1,113619771887 113619771878 113619771834,113619771811,113619771843,113622528828,11589751432,254e8b9ad9a02e2568244b54f7618bae4ea62a1f4babc822f3d736a096cf4dcd,11589532612,e5dc692626c15b5c37e8031a415aca0273754049aa93baca28fca11b3c3b87a3,11589437937,e4aa9b38ea8ece952a2bfc6b6396188cebe87d9d62cba67fc8ff70006b7df45d,NONE; review proposal only; all12DE-QUOTE remain frozen PARTIAL_IMPLEMENTATION
W2Q-32,Concurrent admission at20 cart attempts/session and200/site allows exactly bound independent of package count; forged IP/header irrelevant; denied new request creates zero C03 reservations/leases and performs zero provider capture; counters gate before generic pending insertion.,Q03,Q03 Q05,covered,legacy_fixed_base_v1/v1; PHP8.5.11 WP7.1.2 Woo11.1.2 MariaDB11.4.13; defaultWPcache OPcacheON/JIToff; HPOSprimary/CPT20,,src/Application/DeliveryQuote/QuoteAdmissionGate.php;src/Application/DeliveryQuote/QuotePreparationGate.php;src/Domain/DeliveryQuote/QuoteBudgetSlot.php,tests/Unit/DeliveryQuote/AdmissionGateTest.php::test_twenty_session_attempts_then_denial_has_no_new_lease_or_capture;tests/Unit/DeliveryQuote/PreparationGateTest.php::test_two_hundred_site_attempts_across_sessions_then_denial_is_atomic;tests/Integration/DeliveryQuote/DeliveryQuoteLifecycleRealDatabaseTest.php::test_two_actual_processes_at_session_limit_admit_only_twentieth_and_no_reservations;tests/Integration/DeliveryQuote/DeliveryQuoteLifecycleRealDatabaseTest.php::test_two_actual_processes_at_site_limit_admit_only_two_hundredth_across_sessions;tests/Integration/DeliveryQuote/DeliveryQuoteCartReferenceRealDatabaseTest.php::test_actual_early_denial_precedes_all_source_native_provider_and_c03_work,NATIVE-W2Q05-CART-EXPLICIT-REFRESH-EARLY-ADMISSION-REAL-PRICE,,,Site thenowner fixedwindow20/200 gates before sourceprep/provider/C03pending; physical competingprocesses exactlylastallowedslot; denialzerolease/records/effects.,Bounds positive newquoteattempts only; no totalstorage bound or unrelatedC03rate limit claimed. IP/header is not an identity input.,e81db297bb550d420269bc905402eaffcc428aeb,bd6e91bd826ddb774b2c68d58bb828303ca8cfd4,37868163553,1,113619771887 113619771878 113619771834,113619771811,113619771843,113622528828,11589751432,254e8b9ad9a02e2568244b54f7618bae4ea62a1f4babc822f3d736a096cf4dcd,11589532612,e5dc692626c15b5c37e8031a415aca0273754049aa93baca28fca11b3c3b87a3,11589437937,e4aa9b38ea8ece952a2bfc6b6396188cebe87d9d62cba67fc8ff70006b7df45d,NONE; review proposal only; all12DE-QUOTE remain frozen PARTIAL_IMPLEMENTATION
W2Q-33,Original admission replay does not increment counters or start concurrent capture; dead60s lease no renewal/takeover; expired budget cleanup cannot revive it.,Q03,Q03 Q05,covered,legacy_fixed_base_v1/v1; PHP8.5.11 WP7.1.2 Woo11.1.2 MariaDB11.4.13; defaultWPcache OPcacheON/JIToff; HPOSprimary/CPT20,DE-QUOTE-012,src/Application/DeliveryQuote/QuoteAdmissionGate.php;src/Application/DeliveryQuote/QuotePreparationGate.php;src/Application/DeliveryQuote/QuotePreparationLease.php;src/Application/DeliveryQuote/QuoteRetentionService.php,tests/Unit/DeliveryQuote/AdmissionGateTest.php::test_fresh_replay_after_minute_turnover_does_not_charge_or_capture;tests/Unit/DeliveryQuote/PreparationGateTest.php::test_expired_original_is_terminated_once_and_never_resurrected;tests/Integration/DeliveryQuote/DeliveryQuoteLifecycleRealDatabaseTest.php::test_dead_lease_at_exact_sixty_seconds_is_terminated_and_never_renewed;tests/Integration/DeliveryQuote/DeliveryQuoteLifecycleRealDatabaseTest.php::test_retention_removes_only_old_minute_counters_not_admission_tombstone;tests/Integration/DeliveryQuote/DeliveryQuoteCartReferenceRealDatabaseTest.php::test_two_os_processes_share_one_early_namespace_and_fresh_process_replay_never_prepares,NATIVE-W2Q03-ORIGINAL-ISSUE-REPLAY-NO-RECAPTURE-OR-EXPIRY-EXTENSION,,,Original replayzerocounterdelta/capture; immutable60secondlease/no takeover;24hourcountercleanup retainsadmissionnamespace tombstone.,None within the declared accepted profile. Wider production and optional-stack certification are separate.,e81db297bb550d420269bc905402eaffcc428aeb,bd6e91bd826ddb774b2c68d58bb828303ca8cfd4,37868163553,1,113619771887 113619771878 113619771834,113619771811,113619771843,113622528828,11589751432,254e8b9ad9a02e2568244b54f7618bae4ea62a1f4babc822f3d736a096cf4dcd,11589532612,e5dc692626c15b5c37e8031a415aca0273754049aa93baca28fca11b3c3b87a3,11589437937,e4aa9b38ea8ece952a2bfc6b6396188cebe87d9d62cba67fc8ff70006b7df45d,NONE; review proposal only; all12DE-QUOTE remain frozen PARTIAL_IMPLEMENTATION
W2Q-34,Dedicated shopper quote and diagnostic allowlists; recursive/list/renamed/private serializer/cache/error sentinels expose no origin/rate/cost/hash/address/token.,Q01/Q05,Q01 Q05,covered,legacy_fixed_base_v1/v1; PHP8.5.11 WP7.1.2 Woo11.1.2 MariaDB11.4.13; defaultWPcache OPcacheON/JIToff; HPOSprimary/CPT20,DE-QUOTE-005 DE-QUOTE-010,src/Application/DeliveryQuote/QuoteProjection.php;src/Application/DeliveryQuote/QuoteProjectionResult.php;src/Application/DeliveryQuote/CartQuoteResult.php;src/Domain/DeliveryQuote/QuoteJson.php;src/Integrations/DeliveryQuote/QuoteReviewRuntime.php,tests/Unit/DeliveryQuote/ProjectionShopperTest.php::test_shopper_quote_has_an_exact_public_schema_and_real_captured_money_without_private_keys;tests/Unit/DeliveryQuote/ProjectionShopperTest.php::test_nested_and_renamed_private_extension_fields_refuse_before_a_quote_can_be_projected;tests/Unit/DeliveryQuote/CoreCodecTest.php::test_unsupported_objects_never_invoke_custom_serializers,NATIVE-W2Q05-CART-SHOPPER-DTO-FINITE-NO-PRIVATE-FACTS;NATIVE-W2Q05-READER-SAFE-PROJECTIONS;NATIVE-W2Q05-READER-PRIVATE-SERIALIZATION,,HTTP-W2Q05-DTO-PRIVACY-STALE-GENERATION-NO-ACCEPT,Finite shopperanddiagnostic schemas; noorigin/rate/cost/hash/address/token fromprivatecarriers/serializer; actualHTTPnestedclosedDTOchecked.,None within the declared accepted profile. Wider production and optional-stack certification are separate.,e81db297bb550d420269bc905402eaffcc428aeb,bd6e91bd826ddb774b2c68d58bb828303ca8cfd4,37868163553,1,113619771887 113619771878 113619771834,113619771811,113619771843,113622528828,11589751432,254e8b9ad9a02e2568244b54f7618bae4ea62a1f4babc822f3d736a096cf4dcd,11589532612,e5dc692626c15b5c37e8031a415aca0273754049aa93baca28fca11b3c3b87a3,11589437937,e4aa9b38ea8ece952a2bfc6b6396188cebe87d9d62cba67fc8ff70006b7df45d,NONE; review proposal only; all12DE-QUOTE remain frozen PARTIAL_IMPLEMENTATION
W2Q-35,Current exact admin scope before load/disclosure; separate private cost/origin authority; revocation mid-projection denies sensitive loader/output.,Q01/Q05,Q01 Q05,covered,legacy_fixed_base_v1/v1; PHP8.5.11 WP7.1.2 Woo11.1.2 MariaDB11.4.13; defaultWPcache OPcacheON/JIToff; HPOSprimary/CPT20,DE-QUOTE-005,src/Application/DeliveryQuote/QuoteProjection.php;src/Application/DeliveryQuote/QuoteProjectionTarget.php;src/Application/DeliveryQuote/QuotePrivateSection.php;src/Application/DeliveryQuote/QuoteProjectionResult.php,tests/Unit/DeliveryQuote/ProjectionAdminTest.php::test_denial_and_truthy_role_claims_precede_all_header_and_section_loading;tests/Unit/DeliveryQuote/ProjectionAdminTest.php::test_diagnostics_grant_never_implies_private_section_authority;tests/Unit/DeliveryQuote/ProjectionAdminTest.php::test_revoked_section_right_during_load_hides_even_valid_private_facts;tests/Unit/DeliveryQuote/ProjectionAdminTest.php::test_revoked_previously_loaded_section_right_before_final_disclosure_hides_every_section,,,,Q01 accepted internalprojection contractchecks exacttarget/current capabilitybeforeload and beforedisclosure; sectionrights distinctandrevocation/unitloader exceptionsdeny.,Internal projection obligation covered by meaningful units. No quote-specific adminHTTP explanation consumer is mounted; do notclaim adminoperationalUI or HTTPscope certification fromthisinternalcontract.,e81db297bb550d420269bc905402eaffcc428aeb,bd6e91bd826ddb774b2c68d58bb828303ca8cfd4,37868163553,1,113619771887 113619771878 113619771834,113619771811,113619771843,113622528828,11589751432,254e8b9ad9a02e2568244b54f7618bae4ea62a1f4babc822f3d736a096cf4dcd,11589532612,e5dc692626c15b5c37e8031a415aca0273754049aa93baca28fca11b3c3b87a3,11589437937,e4aa9b38ea8ece952a2bfc6b6396188cebe87d9d62cba67fc8ff70006b7df45d,NONE; review proposal only; all12DE-QUOTE remain frozen PARTIAL_IMPLEMENTATION
W2Q-36,Warm default/persistent cache: owner/expiry/current facts rechecked; delayed old generation cannot overwrite new; caching never extends TTL.,Q05,Q03 Q05 Q06,covered_bounded,legacy_fixed_base_v1/v1; PHP8.5.11 WP7.1.2 Woo11.1.2 MariaDB11.4.13; defaultWPcache OPcacheON/JIToff; HPOSprimary/CPT20,DE-QUOTE-009,src/Application/DeliveryQuote/NativeCartQuoteShipping.php;src/Application/DeliveryQuote/NativeCartQuoteSessionStore.php;src/Application/DeliveryQuote/QuoteAdvisoryPublication.php;src/Integrations/DeliveryQuote/QuoteRateReferenceRuntime.php,tests/Unit/DeliveryQuote/NativeCartQuoteShippingTest.php::test_fresh_request_restores_exact_existing_native_calculation_without_repricing_or_writing;tests/Unit/DeliveryQuote/DurableLifecycleTest.php::test_publication_failure_reconcile_retries_only_invalidation_and_delayed_old_publish_never_replaces;tests/Integration/DeliveryQuote/DeliveryQuoteCartReferenceRealDatabaseTest.php::test_late_old_generation_publication_cannot_overwrite_a_newer_reference;tests/Integration/DeliveryQuote/DeliveryQuoteCartReferenceRealDatabaseTest.php::test_delayed_old_generation_from_another_os_process_cannot_replace_current_reference,NATIVE-W2Q05-CART-WARM-SOURCE-CHANGE-IMMUTABLE-BODY;NATIVE-W2Q05-CART-DATABASE-EXPIRY-RETAINS-CHOICES;NATIVE-W2Q06-NATIVE-CACHED-RATE-REFERENCES,,,Defaultnativecachehit preservesrates/money and rechecksowner/current/expiry; physicalgenerationCAS and invalidateonlypublication preventlateoverwrite.,Explicit accepted persistent-cache clause remains unsupported: NativeCartQuoteShipping::cached_shipping_version refuses wp_using_ext_object_cache and requires exact WP_Object_Cache. Need separately reviewed persistentcache native adapter/proof or explicit maintained compatibility exclusion; no Redis/WP Rocket certification.,e81db297bb550d420269bc905402eaffcc428aeb,bd6e91bd826ddb774b2c68d58bb828303ca8cfd4,37868163553,1,113619771887 113619771878 113619771834,113619771811,113619771843,113622528828,11589751432,254e8b9ad9a02e2568244b54f7618bae4ea62a1f4babc822f3d736a096cf4dcd,11589532612,e5dc692626c15b5c37e8031a415aca0273754049aa93baca28fca11b3c3b87a3,11589437937,e4aa9b38ea8ece952a2bfc6b6396188cebe87d9d62cba67fc8ff70006b7df45d,NONE; review proposal only; all12DE-QUOTE remain frozen PARTIAL_IMPLEMENTATION
W2Q-37,"Actual limits+1 for input/member/group/zone/candidate/bytes/depth; no partial winning quote; SQL plan, query count and lock pressure bounded, zero external calls.",Q03/Q04,Q01 Q03 Q04 Q05,covered_bounded,legacy_fixed_base_v1/v1; PHP8.5.11 WP7.1.2 Woo11.1.2 MariaDB11.4.13; defaultWPcache OPcacheON/JIToff; HPOSprimary/CPT20,,src/Domain/DeliveryQuote/QuoteContext.php;src/Domain/DeliveryQuote/QuoteJson.php;src/Application/DeliveryQuote/QuoteCartDraft.php;src/Application/DeliveryQuote/LegacyQuoteSourcePlan.php;src/Infrastructure/Persistence/LegacyQuoteSourceSnapshotReader.php,tests/Unit/DeliveryQuote/CoreCodecTest.php::test_untrusted_json_refuses_duplicate_unknown_shapes_or_structural_overflow;tests/Unit/DeliveryQuote/CoreMaterialTest.php::test_invalid_relationships_scope_and_partial_receipts_refuse;tests/Unit/DeliveryQuote/CartQuoteContractsTest.php::test_malformed_or_limit_plus_one_native_draft_refuses_before_any_capture;tests/Unit/DeliveryQuote/NativeReceiptTest.php::test_unknown_nested_types_payloads_and_bounds_refuse;tests/Integration/DeliveryQuote/LegacyPriceProviderRealDatabaseTest.php::test_actual_complete_thousand_candidate_range_uses_named_index_and_retained_winner;tests/Integration/DeliveryQuote/LegacyPriceProviderRealDatabaseTest.php::test_actual_thousand_plus_one_candidate_range_refuses_before_a_partial_winner;tests/Integration/DeliveryQuote/LegacyPriceProviderRealDatabaseTest.php::test_actual_complete_zone_universe_refuses_only_the_sentinel;tests/Integration/DeliveryQuote/LegacyPriceProviderRealDatabaseTest.php::test_oversized_actual_source_text_refuses_in_sql_before_private_materialization;tests/Integration/DeliveryQuote/LegacyPriceProviderRealDatabaseTest.php::test_actual_blocked_source_guard_refuses_at_the_existing_two_second_query_budget,NATIVE-W2Q04-ACTUAL-SELECTED-CART-CURRENT-MEMBER-CAPTURE,,,ActualSQL1000/1001and200/201ranges/EXPLAINnamedindex/8KiBcellrefusal and perlocktimeout measured; actualtyped201line/group/64KiB/depth/nodeunitguards no partialwinner. Source finiteadaptermakesnoexternalprovidercall.,SQL/query-limit clause covered; no full native/HTTP actual200/201unique cartline/group limit matrix found. Sourceunit bounds are strongerthan countonlyclaim but not actual largecart qualification. Two-second perlock/softretention is not a global2seconddeadline; native stalledread separately5second/20secondHTTPbound.,e81db297bb550d420269bc905402eaffcc428aeb,bd6e91bd826ddb774b2c68d58bb828303ca8cfd4,37868163553,1,113619771887 113619771878 113619771834,113619771811,113619771843,113622528828,11589751432,254e8b9ad9a02e2568244b54f7618bae4ea62a1f4babc822f3d736a096cf4dcd,11589532612,e5dc692626c15b5c37e8031a415aca0273754049aa93baca28fca11b3c3b87a3,11589437937,e4aa9b38ea8ece952a2bfc6b6396188cebe87d9d62cba67fc8ff70006b7df45d,NONE; review proposal only; all12DE-QUOTE remain frozen PARTIAL_IMPLEMENTATION
W2Q-38,"Private session publication fails or arrives late: invalidate-only monotonic generation; durable facts intact, original-envelope recovery no second effects.",Q03,Q03 Q05,covered,legacy_fixed_base_v1/v1; PHP8.5.11 WP7.1.2 Woo11.1.2 MariaDB11.4.13; defaultWPcache OPcacheON/JIToff; HPOSprimary/CPT20,DE-QUOTE-012,src/Application/DeliveryQuote/QuoteAdvisoryPublication.php;src/Application/DeliveryQuote/NativeCartQuoteSessionStore.php;src/Application/DeliveryQuote/CartQuoteSessionEnvelope.php;src/Application/DeliveryQuote/CartQuoteService.php,tests/Unit/DeliveryQuote/DurableLifecycleTest.php::test_publication_failure_reconcile_retries_only_invalidation_and_delayed_old_publish_never_replaces;tests/Unit/DeliveryQuote/CartQuoteServiceTest.php::test_failed_private_publication_retries_completion_and_blocks_replacement;tests/Integration/DeliveryQuote/DeliveryQuoteLifecycleRealDatabaseTest.php::test_failed_private_publication_reconcile_only_invalidates_original_key;tests/Integration/DeliveryQuote/DeliveryQuoteCartReferenceRealDatabaseTest.php::test_lost_quote_commit_ack_keeps_original_staged_reference_and_fresh_os_retry_finishes_without_preparation;tests/Integration/DeliveryQuote/DeliveryQuoteCartReferenceRealDatabaseTest.php::test_lost_session_commit_ack_is_recovered_from_fresh_native_read_without_second_write,NATIVE-W2Q03-FAILED-ADVISORY-PUBLICATION-RETRY-ONLY;NATIVE-W2Q05-CART-LOST-ACCEPT-ACK-ORIGINAL-RETRY,,,Realackmask/freshprocessrecovery onlyfinishesoriginalnamespace; failedpublicationretainsdurablefacts andpendingmarker; nosecondquote/audit/capture.,None within the declared accepted profile. Wider production and optional-stack certification are separate.,e81db297bb550d420269bc905402eaffcc428aeb,bd6e91bd826ddb774b2c68d58bb828303ca8cfd4,37868163553,1,113619771887 113619771878 113619771834,113619771811,113619771843,113622528828,11589751432,254e8b9ad9a02e2568244b54f7618bae4ea62a1f4babc822f3d736a096cf4dcd,11589532612,e5dc692626c15b5c37e8031a415aca0273754049aa93baca28fca11b3c3b87a3,11589437937,e4aa9b38ea8ece952a2bfc6b6396188cebe87d9d62cba67fc8ff70006b7df45d,NONE; review proposal only; all12DE-QUOTE remain frozen PARTIAL_IMPLEMENTATION
W2Q-39,"Both uninstall/deactivation paths preserve accepted history/C03/tombstones/existing32 stores; new forward-reader rollback retains references, refuses incompatible downgrade.",Q02/Q06,Q02 Q05 Q06,covered_bounded,legacy_fixed_base_v1/v1; PHP8.5.11 WP7.1.2 Woo11.1.2 MariaDB11.4.13; defaultWPcache OPcacheON/JIToff; HPOSprimary/CPT20,DE-QUOTE-011,src/Bootstrap/DataLifecycleManifest.php;src/Bootstrap/Uninstaller.php;src/Bootstrap/DataLifecycleUninstallExecutor.php;uninstall.php;src/Integrations/DeliveryQuote/QuotePlacementRuntime.php,tests/Unit/DeliveryQuote/StorageSchemaTest.php::test_three_additive_tables_have_finite_original_namespace_and_reference_keys;tests/Unit/DeliveryQuote/QuotePlacementActivationTest.php::test_partial_upstream_flags_and_unavailable_prerequisites_never_enable_any_adoption_row;tests/Integration/DeliveryQuote/DeliveryQuoteCartReferenceRealDatabaseTest.php::test_reader_readiness_downgrade_keeps_original_reference_and_recorded_quote_bytes,NATIVE-W2Q02-DEACTIVATION-PRESERVES-THREE-STORES;NATIVE-W2Q02-COMPOSER-EXPLICIT-UNINSTALL-PRESERVES-THREE-STORES;NATIVE-W2Q02-STANDALONE-UNINSTALL-PRESERVES-THREE-STORES,,,Bothactualuninstallpaths/deactivation preserveexactquote3storefixtures; retainedC06nativecases preserve32existingstores/C03; adoptionOFFkeepssavedquoteprotectionandreaderdowngradedenies.,"Preservation fixtures use syntheticquote/binding rows, not uninstall-after-realQ06paidplacement. No binarydowngrade deployment rehearsal found. Sourcepreservesacceptedhistorybytableclass andforwardreaderrequired; add explicit sealedrealorderpreservation/compatible rollback receipt before claiming full operationalrollback qualification.",e81db297bb550d420269bc905402eaffcc428aeb,bd6e91bd826ddb774b2c68d58bb828303ca8cfd4,37868163553,1,113619771887 113619771878 113619771834,113619771811,113619771843,113622528828,11589751432,254e8b9ad9a02e2568244b54f7618bae4ea62a1f4babc822f3d736a096cf4dcd,11589532612,e5dc692626c15b5c37e8031a415aca0273754049aa93baca28fca11b3c3b87a3,11589437937,e4aa9b38ea8ece952a2bfc6b6396188cebe87d9d62cba67fc8ff70006b7df45d,NONE; review proposal only; all12DE-QUOTE remain frozen PARTIAL_IMPLEMENTATION
W2Q-40,Actual Classic submit and Chromium Blocks button/direct StoreAPI show/review exact quote; GET/PATCH/totals/session restore never accepts/places it.,Q05/Q06,W2-Q05 W2-Q06,covered,legacy_fixed_base_v1/v1; PHP8.5.11 WP7.1.2 Woo11.1.2 MariaDB11.4.13; defaultWPcache OPcacheON/JIToff; HPOSprimary/CPT20,DE-QUOTE-010,"src/Integrations/DeliveryQuote/QuoteReviewRuntime.php::register, handle_classic_post, register_store_api;src/Application/DeliveryQuote/CartQuoteReviewService.php;src/Integrations/DeliveryQuote/QuotePlacementRuntime.php::register, remember_store_post, stage_store_post;assets/frontend/delivery-quote-review.js",tests/Unit/DeliveryQuote/QuoteCartPlacementEvidenceReaderTest.php::test_confirmed_private_envelope_resolves_exact_accepted_body_without_new_effect_or_capture;tests/Unit/EmergencyControl/NativePlacementRuntimeTest.php::test_exact_native_staging_precedes_final_c07_and_legacy_writer;scripts/qualification/opening-http-quote-cart-driver.py;scripts/qualification/opening-http-quote-placement.py;scripts/qualification/opening-quote-cart-browser.cjs;scripts/qualification/quote-placement-browser.cjs,NATIVE-W2Q05-CART-READ-TOTALS-NO-QUOTE-ACCEPTANCE;NATIVE-W2Q05-CART-EXPLICIT-REFRESH-EARLY-ADMISSION-REAL-PRICE;NATIVE-W2Q05-CART-EXPLICIT-CONFIRM-REPLAY-ONE-ACCEPT,,HTTP-W2Q05-CLASSIC-READONLY-CURRENT-NO-ACCEPT;HTTP-W2Q05-CLASSIC-REFRESH-EXPLICIT-REVIEW;HTTP-W2Q05-CLASSIC-CONFIRM-EXPLICIT-ONCE;HTTP-W2Q05-STOREAPI-GET-PATCH-TOTALS-NO-ACCEPT;HTTP-W2Q05-STOREAPI-REFRESH-EXPLICIT-REVIEW;HTTP-W2Q05-STOREAPI-CONFIRM-EXPLICIT-ONCE;HTTP-W2Q05-BLOCKS-VISIBLE-REVIEW-CONTROLS;HTTP-W2Q05-BLOCKS-REFRESH-PRICE-REQUIRES-CONFIRM;HTTP-W2Q05-BLOCKS-CONFIRM-ONE-ACCEPT-NO-PLACEMENT;HTTP-W2Q06-CLASSIC-PAID-SEALED-BEFORE-GATEWAY;HTTP-W2Q06-CLASSIC-FREE-SEALED-BEFORE-COMPLETION;HTTP-W2Q06-STOREAPI-GET-PUT-PATCH-NO-PLACEMENT;HTTP-W2Q06-STOREAPI-PAID-FINAL-POST-SEALED;HTTP-W2Q06-STOREAPI-FREE-FINAL-POST-SEALED;HTTP-W2Q06-BLOCKS-PAID-ACTUAL-FINAL-BUTTON;HTTP-W2Q06-BLOCKS-FREE-ACTUAL-FINAL-BUTTON,Retained Q05 actual-page/transport/button receipts show explicit visible Refresh and Confirm with no placement. Q06 final Classic/directStore and two real Chromium Blocks final buttons then seal before native paid/free execution. Native totals/session and actual Store GET/PUT/PATCH do not introduce acceptance or placement; the unsupported cart PATCH is refused by Woo rather than represented as a supported mutation.,"Coverage is scoped to the accepted legacy_fixed_base_v1 retained native profile on PHP8.5.11, WordPress7.1.2, WooCommerce11.1.2, MariaDB11.4.13, default object cache, OPcache ON/JIT OFF in the marked disposable qualification environment.; This is implemented and qualified integration evidence. Site adoption remains OFF by default; it is not a production deployment, new release package, external-gateway certification, theme/marketplace/persistent-cache/multicurrency certification or classification amendment.; The 48 design obligations are mappings to executed tests and raw observations, not a claim that the producer contains exactly48 runtime cases.",e81db297bb550d420269bc905402eaffcc428aeb,bd6e91bd826ddb774b2c68d58bb828303ca8cfd4,37868163553,1,113619771887 113619771878 113619771834,113619771811,113619771843,113622528828,11589751432,254e8b9ad9a02e2568244b54f7618bae4ea62a1f4babc822f3d736a096cf4dcd,11589532612,e5dc692626c15b5c37e8031a415aca0273754049aa93baca28fca11b3c3b87a3,11589437937,e4aa9b38ea8ece952a2bfc6b6396188cebe87d9d62cba67fc8ff70006b7df45d,NONE; review proposal only; all12DE-QUOTE remain frozen PARTIAL_IMPLEMENTATION
W2Q-41,Expiry/material change yields recoverable response and retained choices; refreshed new price visible before another submit; missing/paused/unknown quote never free/native fallback.,Q05/Q06,W2-Q05 W2-Q06,covered,legacy_fixed_base_v1/v1; PHP8.5.11 WP7.1.2 Woo11.1.2 MariaDB11.4.13; defaultWPcache OPcacheON/JIToff; HPOSprimary/CPT20,DE-QUOTE-007 DE-QUOTE-009 DE-QUOTE-010,"src/Application/DeliveryQuote/CartQuoteReviewService.php;src/Application/DeliveryQuote/QuoteCartPlacementEvidenceReader.php::current;src/Integrations/DeliveryQuote/QuotePlacementRuntime.php::owns_order, validate_order, complete, original_is_disposed;src/Application/Order/QuoteNativeOrderHistory.php::attempted, owned;src/Application/DeliveryQuote/QuotePlacementActivation.php;src/Integrations/EmergencyControl/EmergencyControlResponse.php::refuse_order_pay",tests/Unit/DeliveryQuote/QuoteCartPlacementEvidenceReaderTest.php::test_changed_cart_unknown_evidence_stale_physical_guard_and_expiry_all_refuse_without_repricing;tests/Unit/DeliveryQuote/QuotePlacementCompositionTest.php::test_requested_adoption_with_lost_prerequisites_never_falls_back_to_legacy_but_explicit_off_does;tests/Unit/EmergencyControl/NativePlacementRuntimeTest.php::test_early_quote_line_marker_cannot_enter_legacy_payment_when_adoption_is_off;tests/Unit/EmergencyControl/NativePlacementRuntimeTest.php::test_managed_adopted_order_without_staging_cannot_enter_payment;scripts/qualification/opening-http-quote-placement.py,NATIVE-W2Q05-CART-WARM-SOURCE-CHANGE-IMMUTABLE-BODY;NATIVE-W2Q05-CART-REFRESH-NEW-PRICE-BEFORE-CONFIRM-CHOICES;NATIVE-W2Q05-CART-DATABASE-EXPIRY-RETAINS-CHOICES;NATIVE-W2Q05-CART-PAUSED-REFRESH-NO-PREPARATION-NO-QUOTE;NATIVE-W2Q06-EXPLICIT-NEW-QUOTE-AFTER-KNOWN-TERMINAL-REJECTION,,HTTP-W2Q05-SOURCE-CHANGE-NEW-PRICE-BEFORE-CONFIRM;HTTP-W2Q05-DTO-PRIVACY-STALE-GENERATION-NO-ACCEPT;HTTP-W2Q06-CLASSIC-LATE-PAUSE-NO-PAYMENT;HTTP-W2Q06-STOREAPI-LATE-PAUSE-NO-PAYMENT;HTTP-W2Q06-CLASSIC-LATE-EXPIRY-NO-PAYMENT;HTTP-W2Q06-ORDERPAY-EXPIRED-303-NO-PAYMENT;HTTP-W2Q06-ORDERPAY-CHANGED-303-NO-REPRICE,"Native cart expiry retains choices and does not accept; source change preserves old body, exposes a new price and requires confirmation. Final expired/paused routes preserve protected bytes and invoke no gateway/free completion. Only an exact immutable terminal no-effect rejection plus newly explicit reviewed/confirmed quote releases the pointer; unknown or missing authority refuses instead of legacy/free fallback.","Coverage is scoped to the accepted legacy_fixed_base_v1 retained native profile on PHP8.5.11, WordPress7.1.2, WooCommerce11.1.2, MariaDB11.4.13, default object cache, OPcache ON/JIT OFF in the marked disposable qualification environment.; This is implemented and qualified integration evidence. Site adoption remains OFF by default; it is not a production deployment, new release package, external-gateway certification, theme/marketplace/persistent-cache/multicurrency certification or classification amendment.; The 48 design obligations are mappings to executed tests and raw observations, not a claim that the producer contains exactly48 runtime cases.",e81db297bb550d420269bc905402eaffcc428aeb,bd6e91bd826ddb774b2c68d58bb828303ca8cfd4,37868163553,1,113619771887 113619771878 113619771834,113619771811,113619771843,113622528828,11589751432,254e8b9ad9a02e2568244b54f7618bae4ea62a1f4babc822f3d736a096cf4dcd,11589532612,e5dc692626c15b5c37e8031a415aca0273754049aa93baca28fca11b3c3b87a3,11589437937,e4aa9b38ea8ece952a2bfc6b6396188cebe87d9d62cba67fc8ff70006b7df45d,NONE; review proposal only; all12DE-QUOTE remain frozen PARTIAL_IMPLEMENTATION
W2Q-42,Reader-first V1/V2/C05 optional facts preserve raw bytes; unknown/malformed mandatory quote format refuses; no reference overloading/backfill/current reconstruction.,Q05,W2-Q05,covered,legacy_fixed_base_v1/v1; PHP8.5.11 WP7.1.2 Woo11.1.2 MariaDB11.4.13; defaultWPcache OPcacheON/JIToff; HPOSprimary/CPT20,DE-QUOTE-011,src/Application/Order/DeliveryQuoteSnapshotReader.php::read;src/Application/Order/DeliveryQuoteSnapshotEnvelope.php;src/Application/Order/DeliveryQuoteSnapshotMarker.php;src/Application/Order/OrderDeliverySnapshotReader.php;src/Application/Order/DeliveryQuoteSnapshotProjection.php,tests/Unit/Order/DeliveryQuoteSnapshotReaderTest.php::test_genuine_legacy_absence_preserves_core_optional_facts_and_raw_bytes;tests/Unit/Order/DeliveryQuoteSnapshotReaderTest.php::test_present_marker_or_packet_never_downgrades_to_legacy;tests/Unit/Order/DeliveryQuoteSnapshotReaderTest.php::test_known_quote_packet_reads_old_history_after_expiry_without_live_sources_or_writes;tests/Unit/Order/DeliveryQuoteSnapshotMarkerTest.php::test_raw_native_presence_is_bounded_and_never_invokes_metadata_magic;scripts/qualification/opening-quote-readers.php,NATIVE-W2Q05-READER-LEGACY-V1-BYTES;NATIVE-W2Q05-READER-LEGACY-V2-C05-BYTES;NATIVE-W2Q05-READER-KNOWN-QUOTE;NATIVE-W2Q05-READER-HISTORICAL-CURRENCY-CAPTURED;NATIVE-W2Q05-READER-SAFE-PROJECTIONS;NATIVE-W2Q05-READER-MARKER-MISSING-ENVELOPE;NATIVE-W2Q05-READER-UNKNOWN-FORMAT;NATIVE-W2Q05-READER-LIST-ENVELOPE;NATIVE-W2Q05-READER-UNKNOWN-REQUIRED-RECEIPT;NATIVE-W2Q05-READER-MIXED-LINE-ORDER-PACKET;NATIVE-W2Q05-READER-PRIVATE-NESTED-UNKNOWN;NATIVE-W2Q05-READER-MEMBER-WITHOUT-MARKER-STAYS-QUOTE-OWNED;NATIVE-W2Q05-READER-ALL-READS-BYTES-UNCHANGED,,,Known mandatory quote format1 is distinct from optional C05 facts; marker/member presence cannot silently become legacy. Actual HPOS seeded-shaped reader fixtures preserve27 item/14 order protected bytes across all reads. Q06 actual issued/accepted/placed history supplements these reader-contract proofs.,"Q05 seeded reader fixtures alone do not claim issue or placement; actual lifecycle/history proof is separately mapped by43–48.; Coverage is scoped to the accepted legacy_fixed_base_v1 retained native profile on PHP8.5.11, WordPress7.1.2, WooCommerce11.1.2, MariaDB11.4.13, default object cache, OPcache ON/JIT OFF in the marked disposable qualification environment.; This is implemented and qualified integration evidence. Site adoption remains OFF by default; it is not a production deployment, new release package, external-gateway certification, theme/marketplace/persistent-cache/multicurrency certification or classification amendment.; The 48 design obligations are mappings to executed tests and raw observations, not a claim that the producer contains exactly48 runtime cases.",e81db297bb550d420269bc905402eaffcc428aeb,bd6e91bd826ddb774b2c68d58bb828303ca8cfd4,37868163553,1,113619771887 113619771878 113619771834,113619771811,113619771843,113622528828,11589751432,254e8b9ad9a02e2568244b54f7618bae4ea62a1f4babc822f3d736a096cf4dcd,11589532612,e5dc692626c15b5c37e8031a415aca0273754049aa93baca28fca11b3c3b87a3,11589437937,e4aa9b38ea8ece952a2bfc6b6396188cebe87d9d62cba67fc8ff70006b7df45d,NONE; review proposal only; all12DE-QUOTE remain frozen PARTIAL_IMPLEMENTATION
W2Q-43,Classic pre-freeze hook and StoreAPI final staging produce exact verified accepted context; old processed writer cannot re-timestamp; post-freeze/stamp mutation denies.,Q06,W2-Q06,covered,legacy_fixed_base_v1/v1; PHP8.5.11 WP7.1.2 Woo11.1.2 MariaDB11.4.13; defaultWPcache OPcacheON/JIToff; HPOSprimary/CPT20,DE-QUOTE-011,"src/Integrations/DeliveryQuote/QuotePlacementRuntime.php::register, stage_classic, stage_store_post, stage, stage_matches;src/Application/Order/QuoteNativeOrderStager.php::stage, complete_missing_packets, capture_saved, saved_guard;src/Application/Order/QuoteNativeOrderStageResult.php::verify;src/Application/DeliveryQuote/QuotePlacementService.php::prepare, verified_binding, verify;src/Application/DeliveryQuote/QuoteOperationProfile.php::lock_target, mutate",tests/Unit/EmergencyControl/NativePlacementRuntimeTest.php::test_exact_native_staging_precedes_final_c07_and_legacy_writer;tests/Unit/Order/QuoteNativeOrderStagerTest.php::test_stages_captured_facts_and_verifies_saved_bytes_before_freeze;tests/Unit/Order/QuoteNativeOrderStagerTest.php::test_read_only_replay_never_changes_original_snapshots_or_timestamps;tests/Unit/Order/QuoteNativeOrderStagerTest.php::test_final_guard_uses_current_sql_and_detects_late_saved_mutation;tests/Unit/DeliveryQuote/PlacementCoreTest.php::test_raw_order_mutation_after_c07_preparation_is_detected_inside_owned_unit,NATIVE-W2Q06-CLASSIC-PREFREEZE-EXACT-SAVED-CONTEXT;NATIVE-W2Q06-VERIFIED-SAVED-WRITER-REENTRY-NO-RETIMESTAMP;NATIVE-W2Q06-SAVED-PHYSICAL-MUTATION-REFUSED;NATIVE-W2Q06-C07-POSTSTAMP-NATIVE-MUTATION-DENIED;NATIVE-W2Q06-PREFREEZE-NATIVE-MONEY-MUTATION-DENIED;NATIVE-W2Q06-PREFREEZE-NATIVE-METADATA-MUTATION-DENIED,,HTTP-W2Q06-STOREAPI-PAID-FINAL-POST-SEALED;HTTP-W2Q06-STOREAPI-FREE-FINAL-POST-SEALED;HTTP-W2Q06-CLASSIC-POSTSAVE-MONETARY-CHANGE-NO-PAYMENT;HTTP-W2Q06-CLASSIC-POSTSAVE-PROTECTED-CHANGE-NO-PAYMENT,Classic stage hook is INT_MAX-1 before C07; Store processed stage is priority9 after request sync and before legacy10/C07. Exact logical mapping and saved physical snapshots precede prepared2 and final sealed3. Reentry is verify-only after prepared1. Raw created-object and independently verified saved/reloaded-object fences remain. Actual pre-freeze/post-stamp and post-ack saved money/protected mutations deny payment.,"Pinned native logger bookkeeping and free-shipping zero-tax projection are narrow exact native allowances with separate mutation/source checks; they do not permit arbitrary metadata, money or tax-source rebasing.; Coverage is scoped to the accepted legacy_fixed_base_v1 retained native profile on PHP8.5.11, WordPress7.1.2, WooCommerce11.1.2, MariaDB11.4.13, default object cache, OPcache ON/JIT OFF in the marked disposable qualification environment.; This is implemented and qualified integration evidence. Site adoption remains OFF by default; it is not a production deployment, new release package, external-gateway certification, theme/marketplace/persistent-cache/multicurrency certification or classification amendment.; The 48 design obligations are mappings to executed tests and raw observations, not a claim that the producer contains exactly48 runtime cases.",e81db297bb550d420269bc905402eaffcc428aeb,bd6e91bd826ddb774b2c68d58bb828303ca8cfd4,37868163553,1,113619771887 113619771878 113619771834,113619771811,113619771843,113622528828,11589751432,254e8b9ad9a02e2568244b54f7618bae4ea62a1f4babc822f3d736a096cf4dcd,11589532612,e5dc692626c15b5c37e8031a415aca0273754049aa93baca28fca11b3c3b87a3,11589437937,e4aa9b38ea8ece952a2bfc6b6396188cebe87d9d62cba67fc8ff70006b7df45d,NONE; review proposal only; all12DE-QUOTE remain frozen PARTIAL_IMPLEMENTATION
W2Q-44,"Native reused pending/failed order item rebuild and StoreAPI persisted GET/PATCH: logical membership exact; Classic resume interception precedes item deletion, StoreAPI draft pointer detachment acknowledged before placement; sealed history unchanged; changed retry uses new order/binding.",Q06,W2-Q06,covered,legacy_fixed_base_v1/v1; PHP8.5.11 WP7.1.2 Woo11.1.2 MariaDB11.4.13; defaultWPcache OPcacheON/JIToff; HPOSprimary/CPT20,DE-QUOTE-011,"src/Integrations/DeliveryQuote/QuotePlacementRuntime.php::protect_classic_retry, resume_classic, recover_store_post, detach_store_pointer, acknowledge_native_session;src/Application/Order/QuoteNativeOrderStager.php::map_context, saved_guard;src/Application/DeliveryQuote/QuotePlacementService.php::placement_id_for;src/Application/DeliveryQuote/QuotePlacementNoEffectDisposition.php;src/Application/DeliveryQuote/QuoteReceiptVerifier.php",tests/Unit/Order/QuoteNativeOrderStagerTest.php::test_ambiguous_physical_item_mapping_is_never_guessed;tests/Unit/DeliveryQuote/PlacementCoreTest.php::test_replacement_process_uses_original_deterministic_placement_and_changed_order_conflicts;tests/Integration/DeliveryQuote/DeliveryQuotePlacementCoreRealDatabaseTest.php::test_physical_terminal_rejection_disposition_is_readonly_and_refuses_pending_corrupt_or_changed_history;scripts/qualification/opening-http-quote-placement.py,NATIVE-W2Q06-PREPARE-ORIGINAL-REPLAY-ONE-BINDING;NATIVE-W2Q06-C07-SAME-REQUEST-NO-SECOND-PLACEMENT;NATIVE-W2Q06-EXPLICIT-NEW-QUOTE-AFTER-KNOWN-TERMINAL-REJECTION,,HTTP-W2Q06-CLASSIC-PENDING-REBUILD-EXACT-LOGICAL-MEMBERS;HTTP-W2Q06-CLASSIC-FAILED-REBUILD-EXACT-LOGICAL-MEMBERS;HTTP-W2Q06-CLASSIC-SEALED-SAME-RETRY-HISTORY-PRESERVED;HTTP-W2Q06-CLASSIC-CHANGED-RETRY-NEW-ORDER-OLD-HISTORY;HTTP-W2Q06-STOREAPI-SEALED-POINTER-DETACHED-LATER-READS-PRESERVE;HTTP-W2Q06-CLASSIC-UNKNOWN-SEAL-STOREAPI-ORIGINAL-RECOVERY;HTTP-W2Q06-STOREAPI-UNKNOWN-SEAL-CLASSIC-ORIGINAL-RECOVERY,Real pending/failed Classic native orders reuse the same order ID while replacing native item rows and preserving exact logical membership. Protected same-envelope retries resolve their original order/binding; changed intent creates a new one preserving old snapshot. Classic resume is intercepted at-100 before deletion. Store draft-pointer disposal is physically acknowledged before seal; subsequent read/update requests preserve sealed history. Opposite-route original recovery causes no duplicate order/binding or payment.,"Original envelopes retain route and native payload equality; cross-route recovery is recovery of the original placement, not authority for a changed checkout payload.; Coverage is scoped to the accepted legacy_fixed_base_v1 retained native profile on PHP8.5.11, WordPress7.1.2, WooCommerce11.1.2, MariaDB11.4.13, default object cache, OPcache ON/JIT OFF in the marked disposable qualification environment.; This is implemented and qualified integration evidence. Site adoption remains OFF by default; it is not a production deployment, new release package, external-gateway certification, theme/marketplace/persistent-cache/multicurrency certification or classification amendment.; The 48 design obligations are mappings to executed tests and raw observations, not a claim that the producer contains exactly48 runtime cases.",e81db297bb550d420269bc905402eaffcc428aeb,bd6e91bd826ddb774b2c68d58bb828303ca8cfd4,37868163553,1,113619771887 113619771878 113619771834,113619771811,113619771843,113622528828,11589751432,254e8b9ad9a02e2568244b54f7618bae4ea62a1f4babc822f3d736a096cf4dcd,11589532612,e5dc692626c15b5c37e8031a415aca0273754049aa93baca28fca11b3c3b87a3,11589437937,e4aa9b38ea8ece952a2bfc6b6396188cebe87d9d62cba67fc8ff70006b7df45d,NONE; review proposal only; all12DE-QUOTE remain frozen PARTIAL_IMPLEMENTATION
W2Q-45,"Failure/kill/ack loss between each custom/Woo stage or final receipt: no gateway/free admission, honest prepared/unconfirmed state; original replay verifies physical bytes.",Q06,W2-Q06,covered_bounded,legacy_fixed_base_v1/v1; PHP8.5.11 WP7.1.2 Woo11.1.2 MariaDB11.4.13; defaultWPcache OPcacheON/JIToff; HPOSprimary/CPT20,DE-QUOTE-011 DE-QUOTE-012,"src/Application/DeliveryQuote/QuotePlacementService.php::prepare, verify, seal;src/Application/DeliveryQuote/QuoteDurableService.php::reconcile;src/Application/Order/QuoteNativeOrderStager.php::complete_missing_packets, capture_saved;src/Integrations/DeliveryQuote/QuotePlacementRuntime.php::stage, complete, original_is_disposed;src/Integrations/DeliveryQuote/QuoteNativeOrderPayContinuation.php::verify",tests/Unit/DeliveryQuote/PlacementCoreTest.php::test_lost_verified_commit_ack_retains_prepared_two_and_reconciles_original_namespace_once;tests/Unit/DeliveryQuote/PlacementCoreTest.php::test_unsent_verified_commit_rolls_back_snapshot_digests_and_prepared_two;tests/Unit/DeliveryQuote/PlacementCoreTest.php::test_lost_final_commit_ack_requires_original_reconciliation_and_cannot_admit_from_unknown_result;tests/Unit/DeliveryQuote/PlacementCoreTest.php::test_unsent_final_commit_keeps_only_verified_prepared_two_without_sealed_history;tests/Unit/DeliveryQuote/PlacementCoreTest.php::test_replacement_process_uses_original_deterministic_placement_and_changed_order_conflicts;tests/Unit/Order/QuoteNativeOrderStagerTest.php::test_original_prepared_retry_completes_only_missing_packets;tests/Integration/DeliveryQuote/DeliveryQuotePlacementCoreRealDatabaseTest.php::test_physical_unsent_verified_commit_preserves_prepared_one_and_rolls_back_event;tests/Integration/DeliveryQuote/DeliveryQuotePlacementCoreRealDatabaseTest.php::test_physical_verified_lost_ack_reconciles_only_original_receipt_without_second_saved_effect;tests/Integration/DeliveryQuote/DeliveryQuotePlacementCoreRealDatabaseTest.php::test_physical_final_lost_ack_keeps_sealed_bytes_private_until_original_reconciliation;tests/Integration/DeliveryQuote/DeliveryQuotePlacementCoreRealDatabaseTest.php::test_actual_stalled_native_read_times_out_without_replacement_or_any_verified_effect,NATIVE-W2Q06-PREPARE-LOST-ACK-ORIGINAL-REPLAY;NATIVE-W2Q06-VERIFY-LOST-ACK-ORIGINAL-PHYSICAL-REPLAY;NATIVE-W2Q06-SEAL-LOST-ACK-NO-ADMISSION-ORIGINAL-REPLAY,NATIVE-W2Q06-HPOS-OFF-PREPARE-LOST-ACK-ORIGINAL-REPLAY;NATIVE-W2Q06-HPOS-OFF-VERIFY-LOST-ACK-ORIGINAL-PHYSICAL-REPLAY;NATIVE-W2Q06-HPOS-OFF-SEAL-LOST-ACK-NO-ADMISSION-ORIGINAL-REPLAY,HTTP-W2Q06-CLASSIC-BIND-ACK-LOSS-NO-PAYMENT;HTTP-W2Q06-CLASSIC-SEAL-ACK-LOSS-NO-PAYMENT;HTTP-W2Q06-CLASSIC-SNAPSHOT-FAULT-NO-PAYMENT;HTTP-W2Q06-CLASSIC-UNKNOWN-SEAL-STOREAPI-ORIGINAL-RECOVERY;HTTP-W2Q06-STOREAPI-UNKNOWN-SEAL-CLASSIC-ORIGINAL-RECOVERY,"Actual sent binding commits are acknowledged natively then masked once at prepare/verify/final stages in both HPOS/CPT proof. Unknown result never admits payment; original replay verifies the persisted original bytes without second effect. Actual HTTP bind/seal acknowledgement loss and native snapshot-save failure refuse gateway/free completion while later original recovery retains the order. Physical unsent verification commit, row lock timeout and stalled driver-read tests preserve prior state/retire the owner without replacement.","The inspected published cases prove declared sent-ack, unsent-commit, save-fault, timeout and original replacement-process recovery scenarios. An explicit OS process kill at every individual inter-stage boundary is not evidenced by these receipts; do not claim that exhaustive kill matrix executed. This remaining evidence clause needs a bounded separate proof if required literally.; Coverage is scoped to the accepted legacy_fixed_base_v1 retained native profile on PHP8.5.11, WordPress7.1.2, WooCommerce11.1.2, MariaDB11.4.13, default object cache, OPcache ON/JIT OFF in the marked disposable qualification environment.; This is implemented and qualified integration evidence. Site adoption remains OFF by default; it is not a production deployment, new release package, external-gateway certification, theme/marketplace/persistent-cache/multicurrency certification or classification amendment.; The 48 design obligations are mappings to executed tests and raw observations, not a claim that the producer contains exactly48 runtime cases.",e81db297bb550d420269bc905402eaffcc428aeb,bd6e91bd826ddb774b2c68d58bb828303ca8cfd4,37868163553,1,113619771887 113619771878 113619771834,113619771811,113619771843,113622528828,11589751432,254e8b9ad9a02e2568244b54f7618bae4ea62a1f4babc822f3d736a096cf4dcd,11589532612,e5dc692626c15b5c37e8031a415aca0273754049aa93baca28fca11b3c3b87a3,11589437937,e4aa9b38ea8ece952a2bfc6b6396188cebe87d9d62cba67fc8ff70006b7df45d,NONE; review proposal only; all12DE-QUOTE remain frozen PARTIAL_IMPLEMENTATION
W2Q-46,Final receipt current-lock rechecks exact quote/owner/context/expiry; late expiry/pause before that admission point wins/no placement; acknowledged receipt permits its continuation; zero gateway on denied/unknown actual routes.,Q06,W2-Q06,covered,legacy_fixed_base_v1/v1; PHP8.5.11 WP7.1.2 Woo11.1.2 MariaDB11.4.13; defaultWPcache OPcacheON/JIToff; HPOSprimary/CPT20,,"src/Application/DeliveryQuote/QuoteOperationProfile.php::lock_target, mutate, time;src/Application/DeliveryQuote/QuotePlacementProof.php::capture, verify, verify_saved;src/Application/DeliveryQuote/QuoteDurableService.php::admit_sealed_placement, load;src/Application/EmergencyControl/EmergencyCheckoutAdmissionService.php::final_order;src/Integrations/DeliveryQuote/QuotePlacementRuntime.php::complete;src/Integrations/DeliveryQuote/QuoteNativeOrderPayContinuation.php::verify",tests/Unit/DeliveryQuote/PlacementCoreTest.php::test_exact_c07_revision_and_pause_are_mandatory_at_final_point;tests/Unit/DeliveryQuote/PlacementCoreTest.php::test_exact_expiry_wins_before_final_placement;tests/Unit/DeliveryQuote/PlacementCoreTest.php::test_new_saved_order_pay_attempt_requires_live_quote_and_revision_but_exact_continuation_receipt_is_historical;tests/Integration/DeliveryQuote/DeliveryQuotePlacementCoreRealDatabaseTest.php::test_physical_final_at_absolute_expiry_does_not_change_verified_snapshot_history;tests/Unit/DeliveryQuote/NativeOrderPayContinuationReviewTest.php::test_only_known_owned_read_completion_can_enter_native_payment;tests/Unit/DeliveryQuote/NativeOrderPayContinuationReviewTest.php::test_lost_read_rollback_retirement_or_changed_physical_facts_never_delegate_or_replace_owner,NATIVE-W2Q06-C07-FINAL-ACKNOWLEDGED-SEALED-RECEIPT;NATIVE-W2Q06-LATE-PAUSE-BEFORE-FINAL-RECEIPT-WINS;NATIVE-W2Q06-DATABASE-EXPIRY-BEFORE-FINAL-RECEIPT-WINS;NATIVE-W2Q06-ACTUAL-PAID-CALLBACKS-KEEP-SEALED-HISTORY,NATIVE-W2Q06-HPOS-OFF-LATE-PAUSE-BEFORE-FINAL-RECEIPT-WINS;NATIVE-W2Q06-HPOS-OFF-DATABASE-EXPIRY-BEFORE-FINAL-RECEIPT-WINS,HTTP-W2Q06-CLASSIC-LATE-PAUSE-NO-PAYMENT;HTTP-W2Q06-STOREAPI-LATE-PAUSE-NO-PAYMENT;HTTP-W2Q06-CLASSIC-LATE-EXPIRY-NO-PAYMENT;HTTP-W2Q06-CLASSIC-BIND-ACK-LOSS-NO-PAYMENT;HTTP-W2Q06-CLASSIC-SEAL-ACK-LOSS-NO-PAYMENT;HTTP-W2Q06-CLASSIC-POSTSAVE-MONETARY-CHANGE-NO-PAYMENT;HTTP-W2Q06-CLASSIC-POSTSAVE-PROTECTED-CHANGE-NO-PAYMENT,"Final seal@2 current-locks exact C07 revision/source/owner/quote/binding and uses authoritative SQL time before sealed3. Original HTTP late stimuli occur after original C07 confirmation/decorated evidence immediately before final seal; pause/expiry leaves prepared history, no sealed effect and no payment. Native valid acknowledged continuation executes one guarded gateway after later rate/currency/tax changes, while protected order-money/local changes remain denied. A sealed physical row behind lost acknowledgement is historical evidence, never unknown payment admission.","Denied requests may persist a native order or prepared binding; the guarantee is no final sealed placement before admission and no gateway/free completion. Do not translate counters named prepared into a binding revision.; Coverage is scoped to the accepted legacy_fixed_base_v1 retained native profile on PHP8.5.11, WordPress7.1.2, WooCommerce11.1.2, MariaDB11.4.13, default object cache, OPcache ON/JIT OFF in the marked disposable qualification environment.; This is implemented and qualified integration evidence. Site adoption remains OFF by default; it is not a production deployment, new release package, external-gateway certification, theme/marketplace/persistent-cache/multicurrency certification or classification amendment.; The 48 design obligations are mappings to executed tests and raw observations, not a claim that the producer contains exactly48 runtime cases.",e81db297bb550d420269bc905402eaffcc428aeb,bd6e91bd826ddb774b2c68d58bb828303ca8cfd4,37868163553,1,113619771887 113619771878 113619771834,113619771811,113619771843,113622528828,11589751432,254e8b9ad9a02e2568244b54f7618bae4ea62a1f4babc822f3d736a096cf4dcd,11589532612,e5dc692626c15b5c37e8031a415aca0273754049aa93baca28fca11b3c3b87a3,11589437937,e4aa9b38ea8ece952a2bfc6b6396188cebe87d9d62cba67fc8ff70006b7df45d,NONE; review proposal only; all12DE-QUOTE remain frozen PARTIAL_IMPLEMENTATION
W2Q-47,Exact-order authorized order-pay/empty cart: valid quote and current C07 checks; expired new quote returns checkout; legacy path preserved; native safe notice303/termination.,Q06,W2-Q06,covered,legacy_fixed_base_v1/v1; PHP8.5.11 WP7.1.2 Woo11.1.2 MariaDB11.4.13; defaultWPcache OPcacheON/JIToff; HPOSprimary/CPT20,DE-QUOTE-007 DE-QUOTE-010,"src/Integrations/DeliveryQuote/QuotePlacementRuntime.php::authorize_saved_order, validate_order, complete, saved_authorization_guard;src/Application/DeliveryQuote/QuoteSavedOrderPlacementEvidenceReader.php::read, read_binding;src/Application/DeliveryQuote/QuoteSavedOrderAuthorization.php;src/Integrations/DeliveryQuote/QuoteNativeOrderPayContinuation.php;src/Integrations/DeliveryQuote/QuoteOrderPayGateway.php;src/Integrations/EmergencyControl/EmergencyCheckoutHooks.php::before_pay;src/Integrations/EmergencyControl/EmergencyControlResponse.php::refuse_order_pay",tests/Unit/EmergencyControl/NativePlacementRuntimeTest.php::test_logged_in_guest_order_requires_exact_key_and_native_payment_capability;tests/Unit/EmergencyControl/NativePlacementRuntimeTest.php::test_foreign_customer_order_is_denied_even_with_key_and_broad_capability;tests/Unit/EmergencyControl/NativePlacementRuntimeTest.php::test_current_customer_order_requires_native_exact_key_before_private_lookup;tests/Unit/DeliveryQuote/QuoteSavedOrderAuthorizationTest.php;tests/Unit/DeliveryQuote/NativeOrderPayContinuationReviewTest.php;scripts/qualification/opening-http-quote-placement.py,,,HTTP-W2Q06-ORDERPAY-VALID-EMPTY-CART-EXACT-ORDER;HTTP-W2Q06-ORDERPAY-EXPIRED-303-NO-PAYMENT;HTTP-W2Q06-ORDERPAY-CHANGED-303-NO-REPRICE;HTTP-W2Q06-ORDERPAY-FOREIGN-ORDER-NATIVE-DENIAL;HTTP-W2Q06-ORDERPAY-LEGACY-NATIVE-CONTINUATION;HTTP-W2Q06-ORDERPAY-NATIVE-VALIDATION-UNSAVED-BILLING-NO-PAYMENT;HTTP-W2Q06-ORDERPAY-NATIVE-VALIDATION-UNSAVED-LINE-MONEY-NO-PAYMENT,"Actual empty-cart native order-pay uses exact authorized original saved order/quote and supports a separately chosen native payment method, executing one gateway with no quote issue/accept. Expired/changed requests terminate303 to the exact current native selected checkout page, preserve snapshot and do not reprice/pay. Foreign protected order with native nonce is denied before private lookup. Truly legacy order pays normally. Gateway-native validation unsaved billing/line-money mutations after acknowledged admission are detected before delegate.","The expired return is to the one trusted current wc_get_checkout_url(), which may be the tracked Blocks checkout page; it is not hardcoded to Classic.; Coverage is scoped to the accepted legacy_fixed_base_v1 retained native profile on PHP8.5.11, WordPress7.1.2, WooCommerce11.1.2, MariaDB11.4.13, default object cache, OPcache ON/JIT OFF in the marked disposable qualification environment.; This is implemented and qualified integration evidence. Site adoption remains OFF by default; it is not a production deployment, new release package, external-gateway certification, theme/marketplace/persistent-cache/multicurrency certification or classification amendment.; The 48 design obligations are mappings to executed tests and raw observations, not a claim that the producer contains exactly48 runtime cases.",e81db297bb550d420269bc905402eaffcc428aeb,bd6e91bd826ddb774b2c68d58bb828303ca8cfd4,37868163553,1,113619771887 113619771878 113619771834,113619771811,113619771843,113622528828,11589751432,254e8b9ad9a02e2568244b54f7618bae4ea62a1f4babc822f3d736a096cf4dcd,11589532612,e5dc692626c15b5c37e8031a415aca0273754049aa93baca28fca11b3c3b87a3,11589437937,e4aa9b38ea8ece952a2bfc6b6396188cebe87d9d62cba67fc8ff70006b7df45d,NONE; review proposal only; all12DE-QUOTE remain frozen PARTIAL_IMPLEMENTATION
W2Q-48,"HPOS on/off history, paid callbacks/shipment reads after config/rate/tax/currency deletion/change remain accepted bytes; native paid and free branches execute only after known admission/receipt.",Q06,W2-Q06,covered,legacy_fixed_base_v1/v1; PHP8.5.11 WP7.1.2 Woo11.1.2 MariaDB11.4.13; defaultWPcache OPcacheON/JIToff; HPOSprimary/CPT20,DE-QUOTE-003 DE-QUOTE-004 DE-QUOTE-011,"src/Application/Order/QuoteNativeOrderHistory.php::verify;src/Application/Order/QuoteNativeOrderStageResult.php::read_physical, assert_snapshot_rows, verify;src/Application/Order/OrderDeliverySnapshotReader.php;src/Application/Order/DeliveryQuoteSnapshotReader.php;src/Integrations/DeliveryQuote/QuoteNativeOrderPayContinuation.php::verify, verify_free;src/Integrations/DeliveryQuote/QuoteOrderPayGateway.php::process_payment;src/Integrations/DeliveryQuote/QuotePlacementRuntime.php::guard_free_payment_continuation, guard_store_payment_context",tests/Unit/Order/QuoteNativeOrderStagerTest.php::test_paid_callback_preserves_captured_history_without_repricing;tests/Unit/Order/DeliveryQuoteSnapshotReaderTest.php::test_known_quote_packet_reads_old_history_after_expiry_without_live_sources_or_writes;scripts/qualification/opening-quote-placement.php;scripts/qualification/opening-quote-placement-hpos-off.php;scripts/qualification/opening-quote-placement-hpos-control.php;scripts/qualification/quote-placement-browser.cjs,NATIVE-W2Q06-PLACEMENT-ENVIRONMENT;NATIVE-W2Q06-HISTORY-AFTER-RATE-CURRENCY-TAX-CONFIG-CHANGE;NATIVE-W2Q06-ACTUAL-PAID-CALLBACKS-KEEP-SEALED-HISTORY;NATIVE-W2Q06-EXACT-FIXTURE-CLEANUP,NATIVE-W2Q06-HPOS-OFF-PLACEMENT-ENVIRONMENT;NATIVE-W2Q06-HPOS-OFF-HISTORY-AFTER-RATE-CURRENCY-TAX-CONFIG-CHANGE;NATIVE-W2Q06-HPOS-OFF-ACTUAL-PAID-CALLBACKS-KEEP-SEALED-HISTORY;NATIVE-W2Q06-HPOS-OFF-EXACT-FIXTURE-CLEANUP,HTTP-W2Q06-CLASSIC-PAID-SEALED-BEFORE-GATEWAY;HTTP-W2Q06-CLASSIC-FREE-SEALED-BEFORE-COMPLETION;HTTP-W2Q06-STOREAPI-PAID-FINAL-POST-SEALED;HTTP-W2Q06-STOREAPI-FREE-FINAL-POST-SEALED;HTTP-W2Q06-BLOCKS-PAID-ACTUAL-FINAL-BUTTON;HTTP-W2Q06-BLOCKS-FREE-ACTUAL-FINAL-BUTTON;HTTP-W2Q06-PAID-HISTORY-AFTER-SOURCE-DELETION;HTTP-W2Q06-FIXTURE-CLEANUP,Both real HPOS-on and independent fresh-process CPT-off receipts prove20 native cases including exact history after physical rate/currency/tax changes and an actual one-gateway paid callback preserving sealed bytes. HTTP actual Classic/Store/Blocks paid/free branches require known seal and exactly one effective completion; paid/free Blocks respectively add gateway+1/freecompletion+1 with free gateway unchanged. A real historical shipment-reader projection after source deletion retains snapshot without payment effect. Native authority options/history are restored and verified in a fresh HPOS-on process.,"Historical shipment reader support proves display/projection of accepted facts, not automatic shipment creation, external fulfilment-provider operation or production gateway settlement. CPT evidence covers the separate20 native cases, not a second143-case CPT browser suite.; Coverage is scoped to the accepted legacy_fixed_base_v1 retained native profile on PHP8.5.11, WordPress7.1.2, WooCommerce11.1.2, MariaDB11.4.13, default object cache, OPcache ON/JIT OFF in the marked disposable qualification environment.; This is implemented and qualified integration evidence. Site adoption remains OFF by default; it is not a production deployment, new release package, external-gateway certification, theme/marketplace/persistent-cache/multicurrency certification or classification amendment.; The 48 design obligations are mappings to executed tests and raw observations, not a claim that the producer contains exactly48 runtime cases.",e81db297bb550d420269bc905402eaffcc428aeb,bd6e91bd826ddb774b2c68d58bb828303ca8cfd4,37868163553,1,113619771887 113619771878 113619771834,113619771811,113619771843,113622528828,11589751432,254e8b9ad9a02e2568244b54f7618bae4ea62a1f4babc822f3d736a096cf4dcd,11589532612,e5dc692626c15b5c37e8031a415aca0273754049aa93baca28fca11b3c3b87a3,11589437937,e4aa9b38ea8ece952a2bfc6b6396188cebe87d9d62cba67fc8ff70006b7df45d,NONE; review proposal only; all12DE-QUOTE remain frozen PARTIAL_IMPLEMENTATION
